file name,line count, actual content line count,number of revisions,lines per revision
gem/rubygems/-/a2km.yaml,8,3,1,3
gem/rubygems/-/geomotion.yaml,14,9,1,9
gem/rubygems/-/net-smtp-proxy.yaml,16,11,1,11
gem/rubygems/-/one_gadget.yaml,8,3,1,3
gem/rubygems/-/worthwhile.yaml,8,3,1,3
git/github/aappleby/smhasher.yaml,9,3,1,3
git/github/abrkn/semaphore.js.yaml,9,3,1,3
git/github/acdlite/recompose.yaml,9,3,1,3
git/github/actframework/actframework.yaml,18,12,1,12
git/github/activiti/activiti.yaml,9,3,1,3
git/github/ahmetalpbalkan/go-httpbin.yaml,9,3,1,3
git/github/antaris/razorengine.yaml,9,3,1,3
git/github/apache/james-mime4j.yaml,9,3,1,3
git/github/aspnet/aspnetkatana.yaml,9,3,1,3
git/github/asynchttpclient/async-http-client.yaml,9,3,1,3
git/github/automattic/cli-table.yaml,9,3,1,3
git/github/azure/azure-amqp.yaml,9,3,1,3
git/github/azure/azure-docker-extension.yaml,15,9,3,3
git/github/azure/azure-linux-extensions.yaml,15,9,3,3
git/github/azure/azure-powershell.yaml,9,3,1,3
git/github/azure/azure-sdk-for-go.yaml,9,3,1,3
git/github/azure/azurestack-tools.yaml,9,3,1,3
git/github/azure/custom-script-extension-linux.yaml,9,3,1,3
git/github/azure/rtable.yaml,9,3,1,3
git/github/baddstats/polyclip.yaml,9,3,1,3
git/github/banchichen/tzimagepickercontroller.yaml,20,14,1,14
git/github/bitcoin-core/secp256k1.yaml,9,3,1,3
git/github/bjornharrtell/jsts.yaml,30,24,8,3
git/github/blazemeter/taurus.yaml,9,3,1,3
git/github/boostorg/boost.yaml,12,6,2,3
git/github/castleproject/core.yaml,11,5,1,5
git/github/chrisdickinson/tracejs.yaml,12,6,1,6
git/github/cloudfoundry-incubator/candiedyaml.yaml,9,3,1,3
git/github/colorsublime/colorsublime-themes.yaml,9,3,1,3
git/github/component/component.yaml,9,3,1,3
git/github/cran/clisymbols.yaml,9,3,1,3
git/github/cran/rjdbc.yaml,9,3,1,3
git/github/cran/rlist.yaml,9,3,1,3
git/github/cran/tidyselect.yaml,9,3,1,3
git/github/cran/urca.yaml,9,3,1,3
git/github/cthackers/adm-zip.yaml,9,3,1,3
git/github/curl/curl.yaml,9,3,1,3
git/github/d3/d3.yaml,21,15,2,7
git/github/danielballan/nbexamples.yaml,9,3,1,3
git/github/davidebbo/webactivator.yaml,9,3,1,3
git/github/django/django.yaml,20,14,1,14
git/github/dmlc/dmlc-core.yaml,9,3,1,3
git/github/dmlc/halideir.yaml,9,3,1,3
git/github/driftyco/ionic-site.yaml,9,3,1,3
git/github/drtimcooper/latlongtotimezone.yaml,33,27,1,27
git/github/eclipse-ee4j/eclipselink.yaml,9,3,1,3
git/github/eclipse/jetty.project.yaml,9,3,1,3
git/github/eigenteam/eigen-git-mirror.yaml,9,3,1,3
git/github/emilsjolander/stickylistheaders.yaml,9,3,1,3
git/github/estools/estraverse.yaml,9,3,1,3
git/github/estools/esutils.yaml,9,3,1,3
git/github/expressjs/basic-auth-connect.yaml,9,3,1,3
git/github/facebook/rocksdb.yaml,26,20,3,6
git/github/fasterxml/aalto-xml.yaml,14,8,1,8
git/github/fasterxml/jackson-jaxrs-providers.yaml,9,3,1,3
git/github/gaborcsardi/prettyunits.yaml,9,3,1,3
git/github/gildas-lormeau/zip.js.yaml,9,3,1,3
git/github/git-for-windows/git.yaml,11,5,1,5
git/github/glennrp/libpng.yaml,9,3,1,3
git/github/glfw/glfw.yaml,9,3,1,3
git/github/gnome/libxml2.yaml,9,3,1,3
git/github/go-kit/kit.yaml,9,3,1,3
git/github/golang/go.yaml,9,3,1,3
git/github/golang/text.yaml,9,3,1,3
git/github/go-logfmt/logfmt.yaml,9,3,1,3
git/github/google/benchmark.yaml,12,6,2,3
git/github/google/glog.yaml,9,3,1,3
git/github/google/googletest.yaml,12,6,2,3
git/github/google/guice.yaml,9,3,1,3
git/github/googlei18n/libphonenumber.yaml,9,3,1,3
git/github/google/leveldb.yaml,9,3,1,3
git/github/google/protobuf.yaml,9,3,1,3
git/github/gorilla/context.yaml,9,3,1,3
git/github/gorilla/mux.yaml,9,3,1,3
git/github/go-stack/stack.yaml,9,3,1,3
git/github/gradle/gradle.yaml,9,3,1,3
git/github/greenrobot/greendao.yaml,9,3,1,3
git/github/gstreamer/gstreamer.yaml,18,12,2,6
git/github/halide/halide.yaml,9,3,1,3
git/github/hammerjs/hammer.js.yaml,9,3,1,3
git/github/howardhinnant/date.yaml,9,3,1,3
git/github/hrnet/hrnet-semantic-segmentation.yaml,9,3,1,3
git/github/http4s/jawn-fs2.yaml,9,3,1,3
git/github/ionic-team/ionic-site.yaml,9,3,1,3
git/github/ionic-team/ionic.yaml,9,3,1,3
git/github/isaacs/sax-js.yaml,9,3,1,3
git/github/jakerella/jquery-mockjax.yaml,12,6,2,3
git/github/javaee/javax.annotation.yaml,74,68,1,68
git/github/jemalloc/jemalloc.yaml,9,3,1,3
git/github/jeroen/rsvg.yaml,9,3,1,3
git/github/joshaven/string_score.yaml,12,6,2,3
git/github/joshuaulrich/xts.yaml,15,9,1,9
git/github/jquery/jquery-color.yaml,9,3,1,3
git/github/jquery/jquery-mousewheel.yaml,9,3,1,3
git/github/jquery/jquery-ui.yaml,9,3,1,3
git/github/jquery/jquery.yaml,33,27,5,5
git/github/jruby/jruby.yaml,87,80,1,80
git/github/jslicense/spdx-expression-parse.js.yaml,9,3,1,3
git/github/jupyter/nbconvert.yaml,9,3,1,3
git/github/knockout/knockout.yaml,12,6,2,3
git/github/krb5/krb5.yaml,60,60,1,60
git/github/kriszyp/json-schema.yaml,9,3,1,3
git/github/krlmlr/plogr.yaml,9,3,1,3
git/github/kr/logfmt.yaml,9,3,1,3
git/github/kubernetes-sigs/controller-runtime.yaml,18,12,1,12
git/github/leadpony/justify.yaml,16,10,1,10
git/github/libapps/libapps-mirror.yaml,9,3,1,3
git/github/libusb/libusb.yaml,9,3,1,3
git/github/live-clones/hdf5.yaml,19,14,1,14
git/github/llvm/llvm-project.yaml,9,3,1,3
git/github/locationtech/jts.yaml,9,3,1,3
git/github/lodash/lodash.yaml,27,21,1,21
git/github/lz4/lz4.yaml,56,50,5,10
git/github/lzybkr/psreadline.yaml,9,3,1,3
git/github/macton/libdot.yaml,9,3,1,3
git/github/madler/zlib.yaml,20,14,3,4
git/github/matroska-org/libebml.yaml,9,3,1,3
git/github/medialize/uri.js.yaml,9,3,1,3
git/github/microsoft/clearscript.yaml,9,3,1,3
git/github/microsoft/gsl.yaml,9,3,1,3
git/github/microsoft/ms-tpm-20-ref.yaml,14,8,1,8
git/github/microsoft/vscode.yaml,9,3,1,3
git/github/mikemcl/big.js.yaml,9,3,1,3
git/github/moagrius/copycss.yaml,9,3,1,3
git/github/moment/momentjs.com.yaml,9,3,1,3
git/github/mongodb/mongo-csharp-driver.yaml,9,3,1,3
git/github/mozilla/source-map.yaml,9,3,1,3
git/github/ms-iot/optee_os.yaml,9,3,1,3
git/github/ms-iot/u-boot.yaml,9,3,1,3
git/github/neuecc/linq.js.yaml,9,3,1,3
git/github/niklasvh/html2canvas.yaml,15,9,1,9
git/github/nlog/nlog.yaml,9,3,1,3
git/github/nodejs/node.yaml,39,33,7,4
git/github/node-modules/agentkeepalive.yaml,9,3,1,3
git/github/open-mpi/ompi.yaml,9,3,1,3
git/github/openni/openni.yaml,9,3,1,3
git/github/open-source-parsers/jsoncpp.yaml,9,3,1,3
git/github/openssl/openssl.yaml,12,6,2,3
git/github/owensd/vscode-swift.yaml,9,3,1,3
git/github/phax/ph-schematron.yaml,44,38,1,38
git/github/pkg/errors.yaml,9,3,1,3
git/github/polyconseil/getconf.yaml,22,16,1,16
git/github/powershell/xadcsdeployment.yaml,9,3,1,3
git/github/powershell/xwebadministration.yaml,9,3,1,3
git/github/pybind/pybind11.yaml,12,6,2,3
git/github/pytorch/pytorch.yaml,9,3,1,3
git/github/rabbitmq/hop.yaml,9,3,1,3
git/github/rails/arel.yaml,9,3,1,3
git/github/rcdmk/aspjson.yaml,15,9,2,4
git/github/reactiveui/refit.yaml,9,3,1,3
git/github/requirejs/requirejs.yaml,9,3,1,3
git/github/r-lib/progress.yaml,9,3,1,3
git/github/r-lib/rlang.yaml,9,3,1,3
git/github/rnorth/duct-tape.yaml,12,6,1,6
git/github/rnorth/visible-assertions.yaml,12,6,1,6
git/github/ropensci/tokenizers.yaml,9,3,1,3
git/github/silvacom/colresize.yaml,9,3,1,3
git/github/simplesamlphp/simplesamlphp.yaml,94,88,2,44
git/github/spring-projects/spring-ldap.yaml,14,8,1,8
git/github/stevesanderson/knockout.mapping.yaml,18,12,2,6
git/github/stevesanderson/knockout-projections.yaml,9,3,1,3
git/github/stretchr/testify.yaml,9,3,1,3
git/github/stuk/jszip.yaml,44,39,1,39
git/github/suitcss/components-test.yaml,9,3,1,3
git/github/syntaxhighlighter/syntaxhighlighter.yaml,9,3,1,3
git/github/tencent/rapidjson.yaml,9,3,1,3
git/github/ternjs/acorn.yaml,9,3,1,3
git/github/test-unit/test-unit.yaml,19,13,1,13
git/github/thlorenz/deep-is.yaml,9,3,1,3
git/github/tidyverse/blob.yaml,9,3,1,3
git/github/tommyjones/textminer.yaml,12,6,2,3
git/github/tonytomov/jqgrid.yaml,20,14,1,14
git/github/topojson/topojson.yaml,14,8,1,8
git/github/torvalds/linux.yaml,9,3,1,3
git/github/ulfjack/ryu.yaml,108,102,1,102
git/github/v8/v8.yaml,60,54,1,54
git/github/whitequark/parser.yaml,9,3,1,3
git/github/wjakob/clang-cindex-python3.yaml,9,3,1,3
git/github/xeipuuv/gojsonpointer.yaml,9,3,1,3
git/github/xeipuuv/gojsonreference.yaml,9,3,1,3
git/github/xeipuuv/gojsonschema.yaml,9,3,1,3
git/github/yihui/tinytex.yaml,9,3,1,3
git/github/ymnk/jzlib.yaml,9,3,1,3
git/github/yoshuawuyts/github_auth.yaml,9,3,1,3
git/github/ytti/oxidized-web.yaml,9,3,1,3
git/github/zaphoyd/websocketpp.yaml,12,6,2,3
git/github/zetbaitsu/compressor.yaml,9,3,1,3
maven/mavencentral/ca.uhn.hapi/hapi-base.yaml,12,6,2,3
maven/mavencentral/ca.uhn.hapi/hapi-structures-v21.yaml,9,3,1,3
maven/mavencentral/ca.uhn.hapi/hapi-structures-v22.yaml,9,3,1,3
maven/mavencentral/ca.uhn.hapi/hapi-structures-v231.yaml,9,3,1,3
maven/mavencentral/ca.uhn.hapi/hapi-structures-v23.yaml,9,3,1,3
maven/mavencentral/ca.uhn.hapi/hapi-structures-v24.yaml,9,3,1,3
maven/mavencentral/ca.uhn.hapi/hapi-structures-v251.yaml,9,3,1,3
maven/mavencentral/ca.uhn.hapi/hapi-structures-v25.yaml,9,3,1,3
maven/mavencentral/ca.uhn.hapi/hapi-structures-v26.yaml,9,3,1,3
maven/mavencentral/ca.uhn.hapi/hapi-structures-v27.yaml,9,3,1,3
maven/mavencentral/ca.uhn.hapi/hapi-structures-v281.yaml,9,3,1,3
maven/mavencentral/ca.uhn.hapi/hapi-structures-v28.yaml,9,3,1,3
maven/mavencentral/ca.uhn.hapi/hapi.yaml,9,3,1,3
maven/mavencentral/ch.qos.logback/logback-classic.yaml,9,3,1,3
maven/mavencentral/com.fasterxml.jackson.core/jackson-core.yaml,12,6,2,3
maven/mavencentral/com.fasterxml.jackson.core/jackson-databind.yaml,9,3,1,3
maven/mavencentral/com.fasterxml.uuid/java-uuid-generator.yaml,15,9,1,9
maven/mavencentral/com.github.bumptech.glide/glide.yaml,9,3,1,3
maven/mavencentral/com.github.fge/json-schema-validator.yaml,9,3,1,3
maven/mavencentral/com.github.jnr/jnr-posix.yaml,9,3,1,3
maven/mavencentral/com.github.stefanbirkner/system-rules.yaml,9,3,1,3
maven/mavencentral/com.google.protobuf/protobuf-java.yaml,9,3,1,3
maven/mavencentral/com.microsoft.azure/adal4j.yaml,15,9,2,4
maven/mavencentral/commons-httpclient/commons-httpclient.yaml,10,3,1,3
maven/mavencentral/com.nimbusds/oauth2-oidc-sdk.yaml,15,9,3,3
maven/mavencentral/com.puppycrawl.tools/checkstyle.yaml,9,3,1,3
maven/mavencentral/com.sun.grizzly/grizzly-lzma.yaml,9,3,1,3
maven/mavencentral/com.sun.mail/javax.mail.yaml,9,3,1,3
maven/mavencentral/io.jsonwebtoken/jjwt.yaml,18,12,1,12
maven/mavencentral/jakarta.ejb/jakarta.ejb-api.yaml,24,18,1,18
maven/mavencentral/javax.activation/activation.yaml,12,6,2,3
maven/mavencentral/javax.mail/mail.yaml,9,3,1,3
maven/mavencentral/javax.servlet/javax.servlet-api.yaml,46,40,1,40
maven/mavencentral/junit/junit.yaml,15,9,3,3
maven/mavencentral/net.java.dev.jna/jna-platform.yaml,9,3,1,3
maven/mavencentral/net.java.dev.jna/jna.yaml,9,3,1,3
maven/mavencentral/net.sf.jopt-simple/jopt-simple.yaml,9,3,1,3
maven/mavencentral/net.sourceforge.cssparser/cssparser.yaml,9,3,1,3
maven/mavencentral/net.sourceforge.htmlunit/htmlunit-core-js.yaml,9,3,1,3
maven/mavencentral/net.sourceforge.javacsv/javacsv.yaml,9,3,1,3
maven/mavencentral/net.sourceforge.streamsupport/streamsupport.yaml,9,3,1,3
maven/mavencentral/org.antlr/antlr-runtime.yaml,9,3,1,3
maven/mavencentral/org.apache.maven/maven-core.yaml,9,3,1,3
maven/mavencentral/org.aspectj/aspectjweaver.yaml,9,3,1,3
maven/mavencentral/org.bouncycastle/bcmail-jdk15on.yaml,14,8,1,8
maven/mavencentral/org.bouncycastle/bcpkix-jdk15on.yaml,14,8,1,8
maven/mavencentral/org.bouncycastle/bcprov-jdk15on.yaml,14,8,1,8
maven/mavencentral/org.eclipse.paho/org.eclipse.paho.client.mqttv3.yaml,9,3,1,3
maven/mavencentral/org.eclipse.persistence/eclipselink.yaml,9,3,1,3
maven/mavencentral/org.glassfish/javax.el.yaml,9,3,1,3
maven/mavencentral/org.glassfish/javax.json.yaml,9,3,1,3
maven/mavencentral/org.hamcrest/hamcrest-all.yaml,9,3,1,3
maven/mavencentral/org.hamcrest/hamcrest-core.yaml,9,3,1,3
maven/mavencentral/org.hibernate/hibernate-validator.yaml,17,11,1,11
maven/mavencentral/org.jruby/jruby-complete.yaml,9,3,1,3
maven/mavencentral/org.json4s/json4s-jackson_2.11.yaml,17,11,1,11
maven/mavencentral/org.json/json.yaml,12,6,2,3
maven/mavencentral/org.mockito/mockito-core.yaml,14,8,1,8
maven/mavencentral/org.mozilla/rhino.yaml,9,3,1,3
maven/mavencentral/org.orekit/orekit.yaml,12,6,1,6
maven/mavencentral/org.ow2.asm/asm-analysis.yaml,14,8,1,8
maven/mavencentral/org.ow2.asm/asm-commons.yaml,14,8,1,8
maven/mavencentral/org.ow2.asm/asm-tree.yaml,14,8,1,8
maven/mavencentral/org.ow2.asm/asm-util.yaml,14,8,1,8
maven/mavencentral/org.ow2.asm/asm.yaml,20,14,3,4
maven/mavencentral/org.reactivestreams/reactive-streams.yaml,9,3,1,3
maven/mavencentral/org.twitter4j/twitter4j-core.yaml,9,3,1,3
maven/mavencentral/org.w3c.css/sac.yaml,9,3,1,3
maven/mavencentral/org.wildfly.common/wildfly-common.yaml,9,3,1,3
npm/npmjs/-/abab.yaml,16,11,1,11
npm/npmjs/-/adal-node.yaml,8,3,1,3
npm/npmjs/-/adm-zip.yaml,11,6,2,3
npm/npmjs/-/after.yaml,8,3,1,3
npm/npmjs/-/ag-grid-enterprise.yaml,8,3,1,3
npm/npmjs/-/amdefine.yaml,8,3,1,3
npm/npmjs/-/amdetective.yaml,11,6,2,3
npm/npmjs/-/ansi-parser.yaml,11,6,2,3
npm/npmjs/-/antlr4.yaml,8,3,1,3
npm/npmjs/-/application-name.yaml,8,3,1,3
npm/npmjs/-/argsparser.yaml,8,3,1,3
npm/npmjs/-/arraybuffer.slice.yaml,8,3,1,3
npm/npmjs/-/assert-plus.yaml,8,3,1,3
npm/npmjs/-/async-limiter.yaml,14,9,1,9
npm/npmjs/-/async-mutex.yaml,14,9,1,9
npm/npmjs/-/async.yaml,8,3,1,3
npm/npmjs/-/atob.yaml,8,3,1,3
npm/npmjs/-/base64-arraybuffer.yaml,8,3,1,3
npm/npmjs/-/base64id.yaml,8,3,1,3
npm/npmjs/-/base-64.yaml,8,3,1,3
npm/npmjs/-/batch.yaml,8,3,1,3
npm/npmjs/-/becke-ch--regex--s0-0-v1--base--pl--lib.yaml,8,3,1,3
npm/npmjs/-/benchmark.yaml,8,3,1,3
npm/npmjs/-/better-assert.yaml,8,3,1,3
npm/npmjs/-/blob.yaml,11,6,2,3
npm/npmjs/-/btoa.yaml,8,3,1,3
npm/npmjs/-/bufferstreams.yaml,8,3,1,3
npm/npmjs/-/buffers.yaml,8,3,1,3
npm/npmjs/-/b.yaml,8,3,1,3
npm/npmjs/-/callsite.yaml,8,3,1,3
npm/npmjs/-/chainsaw.yaml,8,3,1,3
npm/npmjs/-/cjson.yaml,8,3,1,3
npm/npmjs/-/cli-box.yaml,8,3,1,3
npm/npmjs/-/cli-color.yaml,8,3,1,3
npm/npmjs/-/cli-table.yaml,8,3,1,3
npm/npmjs/-/cliui.yaml,11,6,1,6
npm/npmjs/-/coa.yaml,8,3,1,3
npm/npmjs/-/colors.yaml,11,6,2,3
npm/npmjs/-/commander.yaml,14,9,3,3
npm/npmjs/-/component-bind.yaml,8,3,1,3
npm/npmjs/-/component-emitter.yaml,8,3,1,3
npm/npmjs/-/component-inherit.yaml,8,3,1,3
npm/npmjs/-/config-chain.yaml,11,6,2,3
npm/npmjs/-/console-browserify.yaml,8,3,1,3
npm/npmjs/-/convert-hex.yaml,8,3,1,3
npm/npmjs/-/convert-string.yaml,8,3,1,3
npm/npmjs/-/cookies-js.yaml,8,3,1,3
npm/npmjs/-/copy-paste.yaml,8,3,1,3
npm/npmjs/-/cordova-registry-mapper.yaml,8,3,1,3
npm/npmjs/-/couleurs.yaml,8,3,1,3
npm/npmjs/-/create-react-context.yaml,8,3,1,3
npm/npmjs/-/css2json.yaml,8,3,1,3
npm/npmjs/-/cssesc.yaml,8,3,1,3
npm/npmjs/-/css-loader.yaml,8,3,1,3
npm/npmjs/-/css-parse.yaml,8,3,1,3
npm/npmjs/-/css-select.yaml,8,3,1,3
npm/npmjs/-/css-stringify.yaml,8,3,1,3
npm/npmjs/-/cssstyle.yaml,8,3,1,3
npm/npmjs/-/css.yaml,8,3,1,3
npm/npmjs/-/ctype.yaml,8,3,1,3
npm/npmjs/-/cycle.yaml,8,3,1,3
npm/npmjs/-/cyclist.yaml,8,3,1,3
npm/npmjs/-/d3.yaml,8,3,1,3
npm/npmjs/-/date-now.yaml,8,3,1,3
npm/npmjs/-/deffy.yaml,8,3,1,3
npm/npmjs/-/devtools-protocol.yaml,8,3,1,3
npm/npmjs/-/diff.yaml,11,6,2,3
npm/npmjs/-/doctrine.yaml,8,3,1,3
npm/npmjs/-/domelementtype.yaml,19,14,2,7
npm/npmjs/-/domhandler.yaml,8,3,1,3
npm/npmjs/-/dompurify.yaml,8,3,1,3
npm/npmjs/-/domutils.yaml,11,6,2,3
npm/npmjs/-/dom-walk.yaml,8,3,1,3
npm/npmjs/-/duplexer2.yaml,8,3,1,3
npm/npmjs/-/duplexer.yaml,8,3,1,3
npm/npmjs/-/edge-cs.yaml,14,9,3,3
npm/npmjs/-/edge.yaml,11,6,2,3
npm/npmjs/-/emitter-component.yaml,8,3,1,3
npm/npmjs/-/engine.io-client.yaml,8,3,1,3
npm/npmjs/-/engine.io.yaml,8,3,1,3
npm/npmjs/-/enhanced-resolve.yaml,14,9,3,3
npm/npmjs/-/entities.yaml,11,6,2,3
npm/npmjs/-/enzyme.yaml,15,9,1,9
npm/npmjs/-/es5-ext.yaml,8,3,1,3
npm/npmjs/-/es6-templates.yaml,8,3,1,3
npm/npmjs/-/escodegen.yaml,17,12,4,3
npm/npmjs/-/esmangle-evaluator.yaml,8,3,1,3
npm/npmjs/-/esprima-fb.yaml,8,3,1,3
npm/npmjs/-/esprima.yaml,17,12,4,3
npm/npmjs/-/estraverse.yaml,20,15,5,3
npm/npmjs/-/esutils.yaml,11,6,2,3
npm/npmjs/-/event-emitter.yaml,8,3,1,3
npm/npmjs/-/event-stream.yaml,11,6,2,3
npm/npmjs/-/example.yaml,8,3,1,3
npm/npmjs/-/expect.js.yaml,8,3,1,3
npm/npmjs/-/expiring-lru-cache.yaml,8,3,1,3
npm/npmjs/-/expose-loader.yaml,8,3,1,3
npm/npmjs/-/extend.yaml,8,3,1,3
npm/npmjs/-/extract-opts.yaml,8,3,1,3
npm/npmjs/-/findup.yaml,8,3,1,3
npm/npmjs/-/flat-colors.yaml,8,3,1,3
npm/npmjs/-/fmt.yaml,8,3,1,3
npm/npmjs/-/for-each.yaml,8,3,1,3
npm/npmjs/-/format.yaml,8,3,1,3
npm/npmjs/-/ftp.yaml,8,3,1,3
npm/npmjs/-/getobject.yaml,8,3,1,3
npm/npmjs/-/glob2base.yaml,8,3,1,3
npm/npmjs/-/global.yaml,8,3,1,3
npm/npmjs/-/glob-stream.yaml,8,3,1,3
npm/npmjs/-/glob-to-regexp.yaml,8,3,1,3
npm/npmjs/-/glob.yaml,17,12,2,6
npm/npmjs/-/graceful-fs.yaml,9,4,1,4
npm/npmjs/-/gulp-jsinspect.yaml,14,9,1,9
npm/npmjs/-/gulp-rename.yaml,8,3,1,3
npm/npmjs/-/has.yaml,8,3,1,3
npm/npmjs/-/heap.yaml,8,3,1,3
npm/npmjs/-/hoist-non-react-statics.yaml,8,3,1,3
npm/npmjs/-/indexof.yaml,8,3,1,3
npm/npmjs/-/individual.yaml,8,3,1,3
npm/npmjs/-/inherits.yaml,8,3,1,3
npm/npmjs/-/jison-lex.yaml,8,3,1,3
npm/npmjs/-/jison.yaml,8,3,1,3
npm/npmjs/-/jmespath.yaml,8,3,1,3
npm/npmjs/-/jquery-mousewheel.yaml,8,3,1,3
npm/npmjs/-/js-base64.yaml,8,3,1,3
npm/npmjs/-/jsbn.yaml,8,3,1,3
npm/npmjs/-/jsesc.yaml,8,3,1,3
npm/npmjs/-/json3.yaml,11,6,2,3
npm/npmjs/-/jsonlint-lines-primitives.yaml,8,3,1,3
npm/npmjs/-/jsonpointer.yaml,8,3,1,3
npm/npmjs/-/json-schema.yaml,11,6,2,3
npm/npmjs/-/JSONSelect.yaml,32,27,2,13
npm/npmjs/-/jstimezonedetect.yaml,8,3,1,3
npm/npmjs/-/JSV.yaml,8,3,1,3
npm/npmjs/-/jszip.yaml,23,19,1,19
npm/npmjs/-/jWorkflow.yaml,9,4,1,4
npm/npmjs/-/keymirror.yaml,8,3,1,3
npm/npmjs/-/leb.yaml,8,3,1,3
npm/npmjs/-/less-vars-to-js.yaml,8,3,1,3
npm/npmjs/-/machina.yaml,8,3,1,3
npm/npmjs/-/mapbox-gl.yaml,11,6,2,3
npm/npmjs/@mapbox/jsonlint-lines-primitives.yaml,12,6,2,3
npm/npmjs/-/map-stream.yaml,8,3,1,3
npm/npmjs/-/match-at.yaml,8,3,1,3
npm/npmjs/-/metro-babylon7.yaml,8,3,1,3
npm/npmjs/-/metro-cache.yaml,8,3,1,3
npm/npmjs/-/metro-core.yaml,8,3,1,3
npm/npmjs/-/metro-resolver.yaml,8,3,1,3
npm/npmjs/-/metro-source-map.yaml,8,3,1,3
npm/npmjs/-/metro.yaml,8,3,1,3
npm/npmjs/-/microplugin.yaml,8,3,1,3
npm/npmjs/@microsoft/load-themed-styles.yaml,15,9,1,9
npm/npmjs/@microsoft/microsoft-graph-client.yaml,9,3,1,3
npm/npmjs/-/min-document.yaml,8,3,1,3
npm/npmjs/-/minstache.yaml,8,3,1,3
npm/npmjs/-/mocha-cloud.yaml,15,9,1,9
npm/npmjs/-/mockery.yaml,8,3,1,3
npm/npmjs/-/mousetrap.yaml,8,3,1,3
npm/npmjs/-/ms.yaml,8,3,1,3
npm/npmjs/-/murmurhash.yaml,8,3,1,3
npm/npmjs/-/mute-stream.yaml,8,3,1,3
npm/npmjs/-/node-forge.yaml,8,3,1,3
npm/npmjs/-/nomnom.yaml,11,6,2,3
npm/npmjs/-/numeric.yaml,8,3,1,3
npm/npmjs/-/object-component.yaml,8,3,1,3
npm/npmjs/-/office-ui-fabric-react.yaml,15,9,1,9
npm/npmjs/-/onecolor.yaml,8,3,1,3
npm/npmjs/-/one-com-knockout-projections.yaml,8,3,1,3
npm/npmjs/-/optimist.yaml,11,6,2,3
npm/npmjs/-/options.yaml,8,3,1,3
npm/npmjs/-/pad-component.yaml,8,3,1,3
npm/npmjs/-/path-to-regexp.yaml,8,3,1,3
npm/npmjs/-/pause-stream.yaml,8,3,1,3
npm/npmjs/-/pleeease-filters.yaml,8,3,1,3
npm/npmjs/-/prelude-ls.yaml,8,3,1,3
npm/npmjs/-/querystring-es3.yaml,8,3,1,3
npm/npmjs/-/querystring.yaml,8,3,1,3
npm/npmjs/-/qunitjs.yaml,8,3,1,3
npm/npmjs/-/range-parser.yaml,8,3,1,3
npm/npmjs/-/raw-loader.yaml,8,3,1,3
npm/npmjs/-/react-native-appboy-sdk.yaml,8,3,1,3
npm/npmjs/-/readline.yaml,11,6,2,3
npm/npmjs/-/redux-thunk-actions.yaml,15,9,1,9
npm/npmjs/-/regenerator-transform.yaml,8,3,1,3
npm/npmjs/-/regjsparser.yaml,8,3,1,3
npm/npmjs/-/repeat-string.yaml,8,3,1,3
npm/npmjs/-/replace-ext.yaml,8,3,1,3
npm/npmjs/-/requirejs.yaml,8,3,1,3
npm/npmjs/-/ripemd160.yaml,8,3,1,3
npm/npmjs/-/rxjs-compat.yaml,8,3,1,3
npm/npmjs/-/rx-lite-aggregates.yaml,8,3,1,3
npm/npmjs/-/rx-lite.yaml,8,3,1,3
npm/npmjs/-/rx.yaml,8,3,1,3
npm/npmjs/-/s3-prototype.yaml,15,9,1,9
npm/npmjs/-/saucelabs.yaml,8,3,1,3
npm/npmjs/-/sax.yaml,17,12,3,4
npm/npmjs/-/scriptjs.yaml,8,3,1,3
npm/npmjs/-/semaphore.yaml,8,3,1,3
npm/npmjs/-/sha256.yaml,8,3,1,3
npm/npmjs/-/shelljs.yaml,11,6,2,3
npm/npmjs/-/signalr.yaml,8,3,1,3
npm/npmjs/-/signals.yaml,8,3,1,3
npm/npmjs/-/slick.yaml,8,3,1,3
npm/npmjs/-/sntp.yaml,8,3,1,3
npm/npmjs/-/socket.io-adapter.yaml,8,3,1,3
npm/npmjs/-/sort-asc.yaml,8,3,1,3
npm/npmjs/-/sort-desc.yaml,8,3,1,3
npm/npmjs/-/sort-object.yaml,8,3,1,3
npm/npmjs/-/source-map.yaml,11,6,2,3
npm/npmjs/-/spdx-expression-parse.yaml,9,3,1,3
npm/npmjs/-/split.yaml,17,12,2,6
npm/npmjs/-/stackframe.yaml,8,3,1,3
npm/npmjs/-/stack-trace.yaml,8,3,1,3
npm/npmjs/-/stream-buffers.yaml,8,3,1,3
npm/npmjs/-/stream-combiner.yaml,14,9,1,9
npm/npmjs/-/streamqueue.yaml,8,3,1,3
npm/npmjs/-/string.prototype.codepointat.yaml,8,3,1,3
npm/npmjs/-/timers-browserify.yaml,19,15,5,3
npm/npmjs/-/tiny-attribution-generator.yaml,14,9,1,9
npm/npmjs/-/tinycolor.yaml,8,3,1,3
npm/npmjs/-/to-array.yaml,11,6,2,3
npm/npmjs/-/toastr.yaml,8,3,1,3
npm/npmjs/-/tough-cookie.yaml,12,7,1,7
npm/npmjs/-/tracejs.yaml,8,3,1,3
npm/npmjs/-/traverse.yaml,8,3,1,3
npm/npmjs/-/trim.yaml,8,3,1,3
npm/npmjs/-/ts-morph.yaml,14,9,1,9
npm/npmjs/-/tweetnacl.yaml,8,3,1,3
npm/npmjs/-/typed-function.yaml,8,3,1,3
npm/npmjs/-/ua-parser-js.yaml,8,3,1,3
npm/npmjs/@uifabric/icons.yaml,15,9,1,9
npm/npmjs/@uifabric/jest-serializer-merge-styles.yaml,15,9,1,9
npm/npmjs/-/underscore.yaml,11,6,2,3
npm/npmjs/-/unorm.yaml,8,3,1,3
npm/npmjs/-/vinyl.yaml,8,3,1,3
npm/npmjs/-/vscode-chrome-debug-core.yaml,20,15,5,3
npm/npmjs/-/weakmap-shim.yaml,8,3,1,3
npm/npmjs/-/weak-map.yaml,8,3,1,3
npm/npmjs/@webassemblyjs/leb128.yaml,9,3,1,3
npm/npmjs/-/webpack-core.yaml,8,3,1,3
npm/npmjs/-/when.yaml,8,3,1,3
npm/npmjs/-/window-size.yaml,8,3,1,3
npm/npmjs/-/winreg.yaml,8,3,1,3
npm/npmjs/-/wordwrap.yaml,8,3,1,3
npm/npmjs/-/xcode.yaml,8,3,1,3
npm/npmjs/-/x-is-string.yaml,8,3,1,3
npm/npmjs/-/xml2js.yaml,8,3,1,3
npm/npmjs/-/xmlbuilder.yaml,8,3,1,3
npm/npmjs/-/xml-crypto.yaml,8,3,1,3
npm/npmjs/-/xmldom.yaml,14,9,3,3
npm/npmjs/-/xmlhttprequest-ssl.yaml,16,11,1,11
npm/npmjs/-/xmlhttprequest.yaml,8,3,1,3
npm/npmjs/-/xmlreader.yaml,8,3,1,3
npm/npmjs/-/xpath.yaml,8,3,1,3
npm/npmjs/-/xtend.yaml,17,12,4,3
nuget/nuget/-/7Zip4PowerShell.yaml,11,6,2,3
nuget/nuget/-/7-Zip.CommandLine.yaml,8,3,1,3
nuget/nuget/-/Accord.Extensions.Core.yaml,8,3,1,3
nuget/nuget/-/Accord.Extensions.Math.yaml,8,3,1,3
nuget/nuget/-/Accord.Extensions.Statistics.yaml,8,3,1,3
nuget/nuget/-/Accord.MachineLearning.GPL.yaml,11,6,2,3
nuget/nuget/-/Acheve.AspNetCore.TestHost.Security.yaml,8,3,1,3
nuget/nuget/-/Acr.Core.yaml,8,3,1,3
nuget/nuget/-/Acr.DeviceInfo.yaml,8,3,1,3
nuget/nuget/-/Acr.Settings.yaml,8,3,1,3
nuget/nuget/-/Acr.UserDialogs.yaml,14,9,3,3
nuget/nuget/-/ActionParameterAlias.yaml,19,12,1,12
nuget/nuget/-/AdaptiveCards.Rendering.Html.yaml,14,9,3,3
nuget/nuget/-/AdaptiveCards.Rendering.Uwp.yaml,8,3,1,3
nuget/nuget/-/AdaptiveCards.Rendering.Wpf.Xceed.yaml,11,6,2,3
nuget/nuget/-/AdaptiveCards.Rendering.Wpf.yaml,17,12,4,3
nuget/nuget/-/AdaptiveCards.yaml,29,24,8,3
nuget/nuget/-/Adfc.Msbuild.yaml,8,3,1,3
nuget/nuget/-/AdjustSdk.Xamarin.Android.yaml,8,3,1,3
nuget/nuget/-/AdjustSdk.Xamarin.iOS.yaml,8,3,1,3
nuget/nuget/-/AdvancedStringBuilder.yaml,8,3,1,3
nuget/nuget/-/AElfred.Net.yaml,8,3,1,3
nuget/nuget/-/Aether.yaml,11,6,2,3
nuget/nuget/-/AFollestad.MaterialDialogs.Core.yaml,13,8,1,8
nuget/nuget/-/AgileObjects.NetStandardPolyfills.yaml,11,6,2,3
nuget/nuget/-/AgileObjects.ReadableExpressions.yaml,17,12,4,3
nuget/nuget/-/AhoCorasick.yaml,8,3,1,3
nuget/nuget/-/AiForms.Layouts.yaml,11,6,2,3
nuget/nuget/-/AjaxMin.yaml,11,6,2,3
nuget/nuget/-/Akka.Cluster.Discovery.Consul.yaml,8,3,1,3
nuget/nuget/-/Akka.Cluster.Discovery.yaml,8,3,1,3
nuget/nuget/-/Akka.Hocon.yaml,8,3,1,3
nuget/nuget/-/Akka.Logger.Serilog.yaml,11,6,2,3
nuget/nuget/-/Akka.Monitoring.yaml,8,3,1,3
nuget/nuget/-/Akka.Persistence.MongoDb.yaml,8,3,1,3
nuget/nuget/-/Akka.Persistence.Redis.yaml,8,3,1,3
nuget/nuget/-/Alba.CsCss.yaml,8,3,1,3
nuget/nuget/-/Albedo.yaml,8,3,1,3
nuget/nuget/-/Aliencube.AzureFunctions.Extensions.Configuration.AppSettings.yaml,8,3,1,3
nuget/nuget/-/Aliencube.AzureFunctions.Extensions.OpenApi.yaml,8,3,1,3
nuget/nuget/-/AlphaFS.yaml,17,12,4,3
nuget/nuget/-/AngleSharp.yaml,35,30,10,3
nuget/nuget/-/angular-applicationinsights.yaml,8,3,1,3
nuget/nuget/-/Angular-Breadcrumb.yaml,8,3,1,3
nuget/nuget/-/AngularJS.Animate.yaml,8,3,1,3
nuget/nuget/-/AngularJS.Core.yaml,11,6,2,3
nuget/nuget/-/AngularJS.Intellisense.yaml,8,3,1,3
nuget/nuget/-/AngularJS.Sanitize.yaml,8,3,1,3
nuget/nuget/-/angularjs.TypeScript.DefinitelyTyped.yaml,8,3,1,3
nuget/nuget/-/angularjs.yaml,8,3,1,3
nuget/nuget/-/AngularTemplates.Compile.yaml,8,3,1,3
nuget/nuget/-/Angular.UI.Bootstrap.yaml,77,72,24,3
nuget/nuget/-/Angular.UI.UI-Router.yaml,29,24,8,3
nuget/nuget/-/Angular.UI.Utils.yaml,8,3,1,3
nuget/nuget/-/Antlr3.yaml,9,3,1,3
nuget/nuget/-/Antlr4.CodeGenerator.yaml,8,3,1,3
nuget/nuget/-/Antlr4.Runtime.yaml,14,9,3,3
nuget/nuget/-/Antlr4.yaml,11,6,2,3
nuget/nuget/-/Antlr.yaml,13,8,2,4
nuget/nuget/-/Any.yaml,8,3,1,3
nuget/nuget/-/ApiAnalysis.SimpleJsonAnalyzer.yaml,8,3,1,3
nuget/nuget/-/ApiCheck.yaml,8,3,1,3
nuget/nuget/-/Appium.WebDriver.yaml,29,24,8,3
nuget/nuget/-/ApplicationInsights.OwinExtensions.yaml,26,21,7,3
nuget/nuget/-/ApplicationInsights.Stream.yaml,8,3,1,3
nuget/nuget/-/App.Metrics.Abstractions.yaml,8,3,1,3
nuget/nuget/-/App.Metrics.AspNetCore.Health.Core.yaml,8,3,1,3
nuget/nuget/-/App.Metrics.AspNetCore.Health.Endpoints.yaml,8,3,1,3
nuget/nuget/-/App.Metrics.AspNetCore.Health.Hosting.yaml,8,3,1,3
nuget/nuget/-/App.Metrics.Concurrency.yaml,8,3,1,3
nuget/nuget/-/App.Metrics.Core.yaml,8,3,1,3
nuget/nuget/-/App.Metrics.Formatters.Ascii.yaml,11,6,2,3
nuget/nuget/-/App.Metrics.Formatters.InfluxDB.yaml,11,6,2,3
nuget/nuget/-/App.Metrics.Formatters.Json.yaml,8,3,1,3
nuget/nuget/-/App.Metrics.Formatters.Prometheus.yaml,8,3,1,3
nuget/nuget/-/App.Metrics.Health.Abstractions.yaml,8,3,1,3
nuget/nuget/-/App.Metrics.Health.Core.yaml,8,3,1,3
nuget/nuget/-/App.Metrics.Health.Extensions.Configuration.yaml,8,3,1,3
nuget/nuget/-/App.Metrics.Health.Extensions.DependencyInjection.yaml,8,3,1,3
nuget/nuget/-/App.Metrics.Health.Formatters.Ascii.yaml,8,3,1,3
nuget/nuget/-/App.Metrics.Health.Formatters.Json.yaml,8,3,1,3
nuget/nuget/-/App.Metrics.Health.yaml,8,3,1,3
nuget/nuget/-/App.Metrics.Reporting.Console.yaml,8,3,1,3
nuget/nuget/-/App.Metrics.Reporting.InfluxDB.yaml,8,3,1,3
nuget/nuget/-/App.Metrics.Reporting.Socket.yaml,8,3,1,3
nuget/nuget/-/App.Metrics.Reporting.TextFile.yaml,8,3,1,3
nuget/nuget/-/App.Metrics.yaml,11,6,2,3
nuget/nuget/-/ArcGIS.PCL.JsonDotNetSerializer.Signed.yaml,8,3,1,3
nuget/nuget/-/ArcGIS.PCL.Signed.yaml,8,3,1,3
nuget/nuget/-/Argument.Validator.yaml,8,3,1,3
nuget/nuget/-/Argument.yaml,8,3,1,3
nuget/nuget/-/Argu.yaml,20,15,5,3
nuget/nuget/-/ARMClient.Authentication.yaml,8,3,1,3
nuget/nuget/-/ARMClient.Library.yaml,8,3,1,3
nuget/nuget/-/ARSoft.Tools.Net.yaml,8,3,1,3
nuget/nuget/-/AspNetCore.HealthChecks.AzureStorage.yaml,8,3,1,3
nuget/nuget/-/AspNetCore.HealthChecks.DocumentDb.yaml,8,3,1,3
nuget/nuget/-/AspNetCore.HealthChecks.Redis.yaml,8,3,1,3
nuget/nuget/-/AspNetCore.HealthChecks.SqlServer.yaml,8,3,1,3
nuget/nuget/-/AspNetCore.HealthChecks.UI.Client.yaml,8,3,1,3
nuget/nuget/-/AspNetCore.HealthChecks.UI.yaml,8,3,1,3
nuget/nuget/-/AspNetCore.HealthChecks.Uris.yaml,8,3,1,3
nuget/nuget/-/AspNetCore.Mvc.HttpActionResults.ClientError.Extensions.yaml,8,3,1,3
nuget/nuget/-/AspNetCore.Mvc.HttpActionResults.ClientError.yaml,8,3,1,3
nuget/nuget/-/AspNetCore.Mvc.HttpActionResults.Informational.Extensions.yaml,8,3,1,3
nuget/nuget/-/AspNetCore.Mvc.HttpActionResults.Informational.yaml,8,3,1,3
nuget/nuget/-/AspNetCore.Mvc.HttpActionResults.Redirection.Extensions.yaml,8,3,1,3
nuget/nuget/-/AspNetCore.Mvc.HttpActionResults.Redirection.yaml,8,3,1,3
nuget/nuget/-/AspNetCore.Mvc.HttpActionResults.ServerError.Extensions.yaml,8,3,1,3
nuget/nuget/-/AspNetCore.Mvc.HttpActionResults.ServerError.yaml,8,3,1,3
nuget/nuget/-/AspNetCore.Mvc.HttpActionResults.Success.Extensions.yaml,8,3,1,3
nuget/nuget/-/AspNetCore.Mvc.HttpActionResults.Success.yaml,8,3,1,3
nuget/nuget/-/AspNetCore.Mvc.HttpActionResults.yaml,8,3,1,3
nuget/nuget/-/AspNetCore.RouteAnalyzer.yaml,8,3,1,3
nuget/nuget/-/AsyncEnumerator.yaml,14,9,3,3
nuget/nuget/-/AsyncFixer.yaml,11,6,2,3
nuget/nuget/-/AsyncFriendlyStackTrace.yaml,11,6,2,3
nuget/nuget/-/AsyncIO.yaml,8,3,1,3
nuget/nuget/-/Async.js.yaml,8,3,1,3
nuget/nuget/-/AsyncPowerShell.yaml,8,3,1,3
nuget/nuget/-/AsyncUsageAnalyzers.yaml,8,3,1,3
nuget/nuget/-/AsyncUtilities.yaml,8,3,1,3
nuget/nuget/-/AudioDeviceCmdlets.yaml,8,3,1,3
nuget/nuget/-/AuthorizeNet.Helpers.yaml,8,3,1,3
nuget/nuget/-/AutofacOnFunctions.yaml,11,6,2,3
nuget/nuget/-/Autofac.Owin.yaml,18,12,1,12
nuget/nuget/-/Autofac.WebApi2.yaml,18,12,1,12
nuget/nuget/-/Autofac.yaml,32,24,2,12
nuget/nuget/-/AutoFixture.AutoFakeItEasy.yaml,8,3,1,3
nuget/nuget/-/AutoFixture.AutoMoq.yaml,38,33,11,3
nuget/nuget/-/AutoFixture.AutoNSubstitute.yaml,17,12,4,3
nuget/nuget/-/AutoFixture.Idioms.yaml,8,3,1,3
nuget/nuget/-/AutoFixture.SeedExtensions.yaml,8,3,1,3
nuget/nuget/-/AutoFixture.Xunit2.yaml,26,21,7,3
nuget/nuget/-/AutoFixture.Xunit.yaml,8,3,1,3
nuget/nuget/-/AutoFixture.yaml,74,69,23,3
nuget/nuget/-/AutoMapper.Data.yaml,20,15,5,3
nuget/nuget/-/AutoMapper.EF6.yaml,17,12,4,3
nuget/nuget/-/AutoMapper.Extensions.Microsoft.DependencyInjection.yaml,29,24,8,3
nuget/nuget/-/AutoMapper.Extensions.yaml,8,3,1,3
nuget/nuget/-/AutoMapper.yaml,104,99,33,3
nuget/nuget/-/Automatonic.HttpArchive.yaml,8,3,1,3
nuget/nuget/-/Automatonymous.yaml,8,3,1,3
nuget/nuget/-/AutoMoq.yaml,11,6,2,3
nuget/nuget/-/AutoRest.yaml,11,6,2,3
nuget/nuget/-/Avalonia.Desktop.yaml,8,3,1,3
nuget/nuget/-/Avalonia.Direct2D1.yaml,8,3,1,3
nuget/nuget/-/Avalonia.Gtk3.yaml,8,3,1,3
nuget/nuget/-/Avalonia.Native.yaml,8,3,1,3
nuget/nuget/-/Avalonia.Remote.Protocol.yaml,8,3,1,3
nuget/nuget/-/Avalonia.Skia.yaml,8,3,1,3
nuget/nuget/-/Avalonia.Win32.yaml,8,3,1,3
nuget/nuget/-/Avalonia.yaml,8,3,1,3
nuget/nuget/-/AvalonLibrary.yaml,8,3,1,3
nuget/nuget/-/AzureADBearerAuthentication.yaml,8,3,1,3
nuget/nuget/-/Azure.Batch.FileStaging.yaml,11,6,2,3
nuget/nuget/-/Azure.Batch.yaml,41,36,12,3
nuget/nuget/-/AzureBlobContainerSync.yaml,8,3,1,3
nuget/nuget/-/Azure.Data.Wrappers.yaml,11,6,2,3
nuget/nuget/-/AzureEncryptionExtensions.yaml,8,3,1,3
nuget/nuget/-/AzureFunctions.Autofac.yaml,8,3,1,3
nuget/nuget/-/AzureMessaging.yaml,8,3,1,3
nuget/nuget/-/Azurite.yaml,11,6,2,3
nuget/nuget/-/BenchmarkDotNet.Core.yaml,35,30,10,3
nuget/nuget/-/BenchmarkDotNet.Diagnostics.Windows.yaml,11,6,2,3
nuget/nuget/-/BenchmarkDotNet.Toolchains.Roslyn.yaml,32,27,9,3
nuget/nuget/-/BenchmarkDotNet.yaml,50,45,15,3
nuget/nuget/-/Ben.Demystifier.yaml,8,3,1,3
nuget/nuget/-/BingMapsRESTToolkit.yaml,17,12,4,3
nuget/nuget/-/Blun.ConfigurationManager.yaml,8,3,1,3
nuget/nuget/-/Bmbsqd.AsyncLock.yaml,8,3,1,3
nuget/nuget/-/BoboBrowse.Net.yaml,8,3,1,3
nuget/nuget/-/BoDi.yaml,8,3,1,3
nuget/nuget/-/Bond.Compiler.CSharp.yaml,8,3,1,3
nuget/nuget/-/Bond.Core.CSharp.yaml,36,31,9,3
nuget/nuget/-/Bond.CSharp.yaml,61,54,10,5
nuget/nuget/-/Bond.Runtime.CSharp.yaml,57,52,10,5
nuget/nuget/-/boost_atomic-android.yaml,8,3,1,3
nuget/nuget/-/boost_chrono-android.yaml,8,3,1,3
nuget/nuget/-/boost_date_time-android.yaml,8,3,1,3
nuget/nuget/-/boost_date_time-vc141.yaml,8,3,1,3
nuget/nuget/-/boost_filesystem-android.yaml,8,3,1,3
nuget/nuget/-/boost_filesystem-vc141.yaml,8,3,1,3
nuget/nuget/-/boost_system-android.yaml,8,3,1,3
nuget/nuget/-/boost_system-vc141.yaml,8,3,1,3
nuget/nuget/-/boost_thread-android.yaml,8,3,1,3
nuget/nuget/-/boost.yaml,8,3,1,3
nuget/nuget/-/bootstrap.yaml,19,14,4,3
nuget/nuget/-/BouncyCastle.Crypto.dll.yaml,8,3,1,3
nuget/nuget/-/BouncyCastle.yaml,17,12,4,3
nuget/nuget/-/BuildTools.FxCop.yaml,8,3,1,3
nuget/nuget/-/BundlerMinifier.Core.yaml,8,3,1,3
nuget/nuget/-/Cake.Npm.yaml,11,6,2,3
nuget/nuget/-/CarouselView.FormsPlugin.yaml,8,3,1,3
nuget/nuget/-/Castle.Core.yaml,49,41,4,10
nuget/nuget/-/cef.redist.x64.yaml,17,12,2,6
nuget/nuget/-/cef.redist.x86.yaml,11,6,1,6
nuget/nuget/-/CefSharp.Common.yaml,13,8,1,8
nuget/nuget/-/CefSharp.WinForms.yaml,13,8,1,8
nuget/nuget/-/Chronic.Signed.yaml,8,3,1,3
nuget/nuget/-/Chronic.yaml,8,3,1,3
nuget/nuget/-/ClearScript.V8.yaml,11,6,2,3
nuget/nuget/-/ClickHouse.Ado.yaml,8,3,1,3
nuget/nuget/-/clipr.yaml,14,9,3,3
nuget/nuget/-/ClrHeapAllocationAnalyzer.yaml,11,6,2,3
nuget/nuget/-/CmdLineLib.yaml,8,3,1,3
nuget/nuget/-/Codecov.yaml,11,6,2,3
nuget/nuget/-/CodeGeneration.Roslyn.Attributes.yaml,11,6,2,3
nuget/nuget/-/CodeGeneration.Roslyn.BuildTime.yaml,11,6,2,3
nuget/nuget/-/CodeGeneration.Roslyn.yaml,11,6,2,3
nuget/nuget/-/codeproject.objectpool.yaml,8,3,1,3
nuget/nuget/-/ColorCode.Core.yaml,14,9,3,3
nuget/nuget/-/ColorCode.UWP.yaml,14,9,3,3
nuget/nuget/-/CommandLineArgumentsParser.yaml,8,3,1,3
nuget/nuget/-/CommandLineParser.yaml,45,40,7,5
nuget/nuget/-/CommonServiceLocation.yaml,8,3,1,3
nuget/nuget/-/CommonServiceLocator.yaml,8,3,1,3
nuget/nuget/-/Community.JsonRpc.ServiceClient.yaml,8,3,1,3
nuget/nuget/-/com.playfab.csharpgsdk.yaml,8,3,1,3
nuget/nuget/-/Confluent.Kafka.StrongName.yaml,11,6,2,3
nuget/nuget/-/Confluent.Kafka.yaml,41,36,12,3
nuget/nuget/-/ControlzEx.yaml,14,9,3,3
nuget/nuget/-/CronExpressionDescriptor.yaml,11,6,2,3
nuget/nuget/-/Cronos.yaml,11,6,2,3
nuget/nuget/-/CSharpSyntax.yaml,8,3,1,3
nuget/nuget/-/CSharpTest.Net.Collections.yaml,8,3,1,3
nuget/nuget/-/CSharpTest.Net.Library.yaml,8,3,1,3
nuget/nuget/-/CSharpTest.Net.RpcLibrary.yaml,8,3,1,3
nuget/nuget/-/CSSExtractor.yaml,8,3,1,3
nuget/nuget/-/CsvHelper.yaml,8,3,1,3
nuget/nuget/-/d3.yaml,13,8,1,8
nuget/nuget/-/dbup-consolescripts.yaml,8,3,1,3
nuget/nuget/-/Deedle.yaml,11,6,2,3
nuget/nuget/-/DeltaCompressionDotNet.yaml,19,14,1,14
nuget/nuget/-/DeveloperForce.Force.yaml,17,12,4,3
nuget/nuget/-/Discutils.yaml,8,3,1,3
nuget/nuget/-/DiscUtils.yaml,8,3,1,3
nuget/nuget/-/DnsClient.yaml,11,6,2,3
nuget/nuget/-/docfx.console.yaml,77,72,24,3
nuget/nuget/-/DocumentFormat.OpenXml.yaml,8,3,1,3
nuget/nuget/-/DocuSign.eSign.dll.yaml,26,21,7,3
nuget/nuget/-/DotNetCore.NPOI.yaml,11,6,2,3
nuget/nuget/-/DotNetty.Buffers.yaml,11,6,2,3
nuget/nuget/-/DotNetty.Codecs.Mqtt.yaml,11,6,2,3
nuget/nuget/-/DotNetty.Codecs.yaml,11,6,2,3
nuget/nuget/-/DotNetty.Common.yaml,11,6,2,3
nuget/nuget/-/DotNetty.Handlers.yaml,11,6,2,3
nuget/nuget/-/DotNetty.Transport.yaml,11,6,2,3
nuget/nuget/-/DotNetZip.yaml,9,3,1,3
nuget/nuget/-/DotParser.yaml,8,3,1,3
nuget/nuget/-/DurableTask.yaml,20,15,5,3
nuget/nuget/-/Durandal.StarterKit.yaml,8,3,1,3
nuget/nuget/-/Durandal.Transitions.yaml,11,6,2,3
nuget/nuget/-/Durandal.yaml,11,6,2,3
nuget/nuget/-/DynamicLanguageRuntime.yaml,11,6,2,3
nuget/nuget/-/Edge.js.yaml,8,3,1,3
nuget/nuget/-/Elasticsearch.Net.yaml,158,153,51,3
nuget/nuget/-/Elmah.Contrib.WebApi.yaml,8,3,1,3
nuget/nuget/-/Emgu.CV.yaml,8,3,1,3
nuget/nuget/-/EMGU.CV.yaml,11,6,2,3
nuget/nuget/-/EnterpriseLibrary.TransientFaultHandling.Data.yaml,16,10,2,5
nuget/nuget/-/EnterpriseLibrary.TransientFaultHandling.yaml,11,5,1,5
nuget/nuget/-/EntityFramework.Extended.yaml,11,6,1,6
nuget/nuget/-/EqualityComparer.yaml,8,3,1,3
nuget/nuget/-/ExcelDataReader.yaml,8,3,1,3
nuget/nuget/-/ExtCore.yaml,9,3,1,3
nuget/nuget/-/FAKE.yaml,8,3,1,3
nuget/nuget/-/Fantomas.yaml,9,3,1,3
nuget/nuget/-/FluentAssertions.Json.yaml,14,9,3,3
nuget/nuget/-/FluentAssertions.yaml,173,168,56,3
nuget/nuget/-/FluentFTP.yaml,17,12,4,3
nuget/nuget/-/FluentMigrator.Runner.yaml,14,9,3,3
nuget/nuget/-/FluentMigrator.yaml,17,12,4,3
nuget/nuget/-/FluentValidation.WebApi.yaml,8,3,1,3
nuget/nuget/-/FluentValidation.yaml,8,3,1,3
nuget/nuget/-/FParsec.yaml,8,3,1,3
nuget/nuget/-/Fractions.yaml,8,3,1,3
nuget/nuget/-/FSharp.Compiler.CodeDom.yaml,9,3,1,3
nuget/nuget/-/FSharp.Compiler.Service.yaml,9,3,1,3
nuget/nuget/-/FSharp.Core.yaml,68,63,21,3
nuget/nuget/-/FsLexYacc.Runtime.yaml,14,9,3,3
nuget/nuget/-/FsLexYacc.yaml,14,9,3,3
nuget/nuget/-/FsPickler.Json.yaml,14,9,3,3
nuget/nuget/-/FsPickler.yaml,23,18,6,3
nuget/nuget/-/gitlink.yaml,11,6,2,3
nuget/nuget/-/GitLink.yaml,14,9,3,3
nuget/nuget/-/GitVersionTask.yaml,9,3,1,3
nuget/nuget/-/Glide.Xamarin.yaml,11,6,1,6
nuget/nuget/-/Google.Apis.AndroidPublisher.v2.yaml,9,3,1,3
nuget/nuget/-/Google.Apis.Auth.yaml,9,3,1,3
nuget/nuget/-/Google.Apis.Core.yaml,9,3,1,3
nuget/nuget/-/Google.Apis.yaml,9,3,1,3
nuget/nuget/-/Google.Protobuf.Tools.yaml,8,3,1,3
nuget/nuget/-/Google.Protobuf.yaml,20,15,5,3
nuget/nuget/-/Google.ProtocolBuffers.Rpc.yaml,8,3,1,3
nuget/nuget/-/GreenPipes.yaml,20,15,5,3
nuget/nuget/-/Gremlin.Net.yaml,41,36,12,3
nuget/nuget/-/Grpc.Core.yaml,8,3,1,3
nuget/nuget/-/Grpc.yaml,8,3,1,3
nuget/nuget/-/Hammer.js.yaml,8,3,1,3
nuget/nuget/-/Handlebars.js.yaml,11,6,2,3
nuget/nuget/-/Handlebars.yaml,8,3,1,3
nuget/nuget/-/Heavysoft.LockFreeSessionState.Common.yaml,8,3,1,3
nuget/nuget/-/Heavysoft.LockFreeSessionState.HashTable.yaml,8,3,1,3
nuget/nuget/-/HelixToolkit.Wpf.yaml,14,9,3,3
nuget/nuget/-/HelixToolkit.yaml,14,9,3,3
nuget/nuget/-/Hime.Redist.yaml,8,3,1,3
nuget/nuget/-/Hl7.Fhir.ElementModel.yaml,16,11,1,11
nuget/nuget/-/Hl7.FhirPath.yaml,16,11,1,11
nuget/nuget/-/Hl7.Fhir.Serialization.yaml,16,11,1,11
nuget/nuget/-/Hl7.Fhir.STU3.yaml,16,11,1,11
nuget/nuget/-/Hl7.Fhir.Support.yaml,16,11,1,11
nuget/nuget/-/HockeySDK.Core.yaml,11,6,2,3
nuget/nuget/-/HockeySDK.UWP.yaml,8,3,1,3
nuget/nuget/-/HockeySDK.WINRT.yaml,8,3,1,3
nuget/nuget/-/HockeySDK.WPF.yaml,8,3,1,3
nuget/nuget/-/Hocon.Configuration.yaml,8,3,1,3
nuget/nuget/-/Hocon.yaml,8,3,1,3
nuget/nuget/-/Hopac.yaml,8,3,1,3
nuget/nuget/-/html5shiv.yaml,8,3,1,3
nuget/nuget/-/HtmlAgilityPack.yaml,143,138,46,3
nuget/nuget/-/HtmlSanitizer.yaml,35,30,10,3
nuget/nuget/-/HubSpot.Tether.yaml,8,3,1,3
nuget/nuget/-/Humanizer.Core.yaml,9,3,1,3
nuget/nuget/-/Hyak.Common.Tracing.Log4Net.yaml,8,3,1,3
nuget/nuget/-/Hyak.Common.yaml,32,27,9,3
nuget/nuget/-/ICSharpCode.Decompiler.yaml,9,3,1,3
nuget/nuget/-/ICSharpCode.NRefactory.yaml,9,3,1,3
nuget/nuget/-/IdentityServer3.AccessTokenValidation.yaml,8,3,1,3
nuget/nuget/-/IdentityServer3.EntityFramework.yaml,8,3,1,3
nuget/nuget/-/IdentityServer3.WsFederation.yaml,8,3,1,3
nuget/nuget/-/IdentityServer3.yaml,14,9,3,3
nuget/nuget/-/IEnterprise.Easy-Http.yaml,8,3,1,3
nuget/nuget/-/ILAsm.yaml,8,3,1,3
nuget/nuget/-/ILMerge.MSBuild.Task.yaml,8,3,1,3
nuget/nuget/-/ILMerge.yaml,11,6,2,3
nuget/nuget/-/ImpromptuInterface.yaml,11,6,2,3
nuget/nuget/-/ini-parser.yaml,9,3,1,3
nuget/nuget/-/IPAddressRange.Signed.yaml,11,6,2,3
nuget/nuget/-/IPAddressRange.yaml,17,12,4,3
nuget/nuget/-/IPNetwork2.yaml,26,21,7,3
nuget/nuget/-/IronPython.yaml,11,6,2,3
nuget/nuget/-/Irony.Core.yaml,8,3,1,3
nuget/nuget/-/jasmine.yaml,8,3,1,3
nuget/nuget/-/JetBrains.Annotations.yaml,14,9,3,3
nuget/nuget/-/JetBrains.SharpZipLib.Stripped.yaml,9,3,1,3
nuget/nuget/-/Jint.yaml,14,9,3,3
nuget/nuget/-/JmesPath.Net.yaml,8,3,1,3
nuget/nuget/-/jose-jwt.yaml,11,6,2,3
nuget/nuget/-/jQuery.Bootgrid.yaml,8,3,1,3
nuget/nuget/-/jquery.custom-scrollbar.yaml,16,11,1,11
nuget/nuget/-/jquery-globalize.yaml,8,3,1,3
nuget/nuget/-/jQuery.MaskedInput.yaml,8,3,1,3
nuget/nuget/-/jQuery.RateIt.yaml,8,3,1,3
nuget/nuget/-/jquery.TypeScript.DefinitelyTyped.yaml,8,3,1,3
nuget/nuget/-/jQuery.UI.Combined.yaml,8,3,1,3
nuget/nuget/-/jQuery.Validation.yaml,14,9,3,3
nuget/nuget/-/jquery.yaml,17,12,1,12
nuget/nuget/-/jQuery.yaml,29,24,8,3
nuget/nuget/-/JS.Array.Extensions.yaml,8,3,1,3
nuget/nuget/-/JSNLog.AspNetCore.yaml,8,3,1,3
nuget/nuget/-/JsonDiffPatch.Net.yaml,14,9,3,3
nuget/nuget/-/JsonFlatFileDataStore.yaml,11,6,2,3
nuget/nuget/-/JsonPoke.MSBuild.yaml,14,9,3,3
nuget/nuget/-/json-serialize.yaml,8,3,1,3
nuget/nuget/-/JustEat.StatsD.yaml,8,3,1,3
nuget/nuget/-/Karamunting.Android.Dimezis.BlurView.yaml,13,8,1,8
nuget/nuget/-/kenjiuno.PdfSharp-WPF.yaml,8,3,1,3
nuget/nuget/-/kenjiuno.PdfSharp.Xps.yaml,8,3,1,3
nuget/nuget/-/Kentor.OwinCookieSaver.yaml,14,9,3,3
nuget/nuget/-/knockoutjs.yaml,18,12,1,12
nuget/nuget/-/ladda-bootstrap.yaml,8,3,1,3
nuget/nuget/-/LanguageExt.Core.yaml,23,18,6,3
nuget/nuget/-/LargeAddressAware.yaml,9,3,1,3
nuget/nuget/-/LibGit2Sharp.NativeBinaries.yaml,9,3,1,3
nuget/nuget/-/LibGit2Sharp.yaml,65,60,20,3
nuget/nuget/-/librdkafka.redist.yaml,11,6,2,3
nuget/nuget/-/Libuv.yaml,17,12,4,3
nuget/nuget/-/linq.js.yaml,15,9,1,9
nuget/nuget/-/LiteDB.yaml,8,3,1,3
nuget/nuget/-/LiteGuard.yaml,9,3,1,3
nuget/nuget/-/log4net.yaml,17,12,4,3
nuget/nuget/-/LZMA-SDK.yaml,8,3,1,3
nuget/nuget/-/MahApps.Metro.yaml,17,12,4,3
nuget/nuget/-/ManagedEsent.yaml,11,6,2,3
nuget/nuget/-/Markdig.Signed.yaml,20,15,5,3
nuget/nuget/-/Markdig.yaml,8,3,1,3
nuget/nuget/-/Markdown.yaml,20,15,5,3
nuget/nuget/-/MaterialDesignThemes.yaml,14,9,3,3
nuget/nuget/-/MathNet.Numerics.yaml,8,3,1,3
nuget/nuget/-/MediaTypeMap.Core.yaml,8,3,1,3
nuget/nuget/-/MessagePack.yaml,8,3,1,3
nuget/nuget/-/Microsoft.AppCenter.Analytics.yaml,16,11,1,11
nuget/nuget/-/Microsoft.AppCenter.Crashes.yaml,16,11,1,11
nuget/nuget/-/Microsoft.AppCenter.Distribute.yaml,16,11,1,11
nuget/nuget/-/Microsoft.AppCenter.yaml,16,11,1,11
nuget/nuget/-/Microsoft.ApplicationInsights.Agent.Intercept.yaml,14,9,3,3
nuget/nuget/-/Microsoft.ApplicationInsights.Agent_x64.yaml,8,3,1,3
nuget/nuget/-/Microsoft.ApplicationInsights.Agent_x86.yaml,8,3,1,3
nuget/nuget/-/Microsoft.ApplicationInsights.AspNetCore.yaml,26,21,7,3
nuget/nuget/-/Microsoft.ApplicationInsights.DependencyCollector.yaml,41,36,12,3
nuget/nuget/-/Microsoft.ApplicationInsights.EntlibTraceListener.yaml,11,6,2,3
nuget/nuget/-/Microsoft.ApplicationInsights.JavaScript.yaml,8,3,1,3
nuget/nuget/-/Microsoft.ApplicationInsights.Log4NetAppender.yaml,17,12,4,3
nuget/nuget/-/Microsoft.ApplicationInsights.NLogTarget.yaml,11,6,2,3
nuget/nuget/-/Microsoft.ApplicationInsights.PerfCounterCollector.yaml,68,63,21,3
nuget/nuget/-/Microsoft.ApplicationInsights.PerformanceCollector.yaml,23,18,6,3
nuget/nuget/-/Microsoft.ApplicationInsights.PersistenceChannel.yaml,32,27,9,3
nuget/nuget/-/Microsoft.ApplicationInsights.StatusMonitorAgent.yaml,8,3,1,3
nuget/nuget/-/Microsoft.ApplicationInsights.StatusMonitorInstrumentation2.yaml,8,3,1,3
nuget/nuget/-/Microsoft.ApplicationInsights.StatusMonitorInternal.yaml,8,3,1,3
nuget/nuget/-/Microsoft.ApplicationInsights.TraceListener.yaml,38,33,11,3
nuget/nuget/-/Microsoft.ApplicationInsights.Tracing.yaml,8,3,1,3
nuget/nuget/-/Microsoft.ApplicationInsights.UniversalTelemetryChannel.yaml,8,3,1,3
nuget/nuget/-/Microsoft.ApplicationInsights.Web.TelemetryChannel.yaml,14,9,3,3
nuget/nuget/-/Microsoft.ApplicationInsights.Web.yaml,23,18,6,3
nuget/nuget/-/Microsoft.ApplicationInsights.WindowsServer.TelemetryChannel.yaml,56,51,17,3
nuget/nuget/-/Microsoft.ApplicationInsights.WindowsServer.yaml,32,27,9,3
nuget/nuget/-/Microsoft.ApplicationInsights.yaml,53,48,16,3
nuget/nuget/-/Microsoft.AspNet.ApplicationInsights.HostingStartup.yaml,8,3,1,3
nuget/nuget/-/Microsoft.AspNetCore.All.yaml,14,9,3,3
nuget/nuget/-/Microsoft.AspNetCore.Antiforgery.yaml,23,18,6,3
nuget/nuget/-/Microsoft.AspNetCore.ApplicationInsights.HostingStartup.yaml,11,6,2,3
nuget/nuget/-/Microsoft.AspNetCore.App.yaml,17,12,4,3
nuget/nuget/-/Microsoft.AspNetCore.Authentication.Abstractions.yaml,23,18,6,3
nuget/nuget/-/Microsoft.AspNetCore.Authentication.Cookies.yaml,17,12,4,3
nuget/nuget/-/Microsoft.AspNetCore.Authentication.Core.yaml,20,15,5,3
nuget/nuget/-/Microsoft.AspNetCore.Authentication.Facebook.yaml,17,12,4,3
nuget/nuget/-/Microsoft.AspNetCore.Authentication.Google.yaml,14,9,3,3
nuget/nuget/-/Microsoft.AspNetCore.Authentication.JwtBearer.yaml,20,15,5,3
nuget/nuget/-/microsoft.aspnetcore.authentication.microsoftaccount.yaml,8,3,1,3
nuget/nuget/-/Microsoft.AspNetCore.Authentication.MicrosoftAccount.yaml,20,15,5,3
nuget/nuget/-/Microsoft.AspNetCore.Authentication.OAuth.yaml,17,12,4,3
nuget/nuget/-/Microsoft.AspNetCore.Authentication.OpenIdConnect.yaml,17,12,4,3
nuget/nuget/-/Microsoft.AspNetCore.Authentication.Twitter.yaml,17,12,4,3
nuget/nuget/-/Microsoft.AspNetCore.Authentication.WsFederation.yaml,14,9,3,3
nuget/nuget/-/Microsoft.AspNetCore.Authentication.yaml,20,15,5,3
nuget/nuget/-/Microsoft.AspNetCore.Authorization.Policy.yaml,23,18,6,3
nuget/nuget/-/Microsoft.AspNetCore.Authorization.yaml,26,21,7,3
nuget/nuget/-/Microsoft.AspNetCore.AzureAppServices.HostingStartup.yaml,11,6,2,3
nuget/nuget/-/Microsoft.AspNetCore.AzureAppServicesIntegration.yaml,11,6,2,3
nuget/nuget/-/Microsoft.AspNetCore.Connections.Abstractions.yaml,20,15,5,3
nuget/nuget/-/Microsoft.AspNetCore.CookiePolicy.yaml,17,12,4,3
nuget/nuget/-/Microsoft.AspNetCore.Cors.yaml,23,18,6,3
nuget/nuget/-/Microsoft.AspNetCore.Cryptography.Internal.yaml,23,18,6,3
nuget/nuget/-/Microsoft.AspNetCore.Cryptography.KeyDerivation.yaml,14,9,3,3
nuget/nuget/-/Microsoft.AspNetCore.DataProtection.Abstractions.yaml,23,18,6,3
nuget/nuget/-/Microsoft.AspNetCore.DataProtection.AzureKeyVault.yaml,8,3,1,3
nuget/nuget/-/Microsoft.AspNetCore.DataProtection.AzureStorage.yaml,14,9,3,3
nuget/nuget/-/Microsoft.AspNetCore.DataProtection.Extensions.yaml,14,9,3,3
nuget/nuget/-/Microsoft.AspNetCore.DataProtection.yaml,23,18,6,3
nuget/nuget/-/Microsoft.AspNetCore.Diagnostics.Abstractions.yaml,23,18,6,3
nuget/nuget/-/Microsoft.AspNetCore.Diagnostics.EntityFrameworkCore.yaml,14,9,3,3
nuget/nuget/-/Microsoft.AspNetCore.Diagnostics.yaml,23,18,6,3
nuget/nuget/-/Microsoft.AspNetCore.HostFiltering.yaml,14,9,3,3
nuget/nuget/-/Microsoft.AspNetCore.Hosting.Abstractions.yaml,26,21,7,3
nuget/nuget/-/Microsoft.AspNetCore.Hosting.Server.Abstractions.yaml,23,18,6,3
nuget/nuget/-/microsoft.aspnetcore.hosting.windowsservices.yaml,8,3,1,3
nuget/nuget/-/Microsoft.AspNetCore.Hosting.yaml,23,18,6,3
nuget/nuget/-/Microsoft.AspNetCore.Html.Abstractions.yaml,20,15,5,3
nuget/nuget/-/Microsoft.AspNetCore.Http.Abstractions.yaml,23,18,6,3
nuget/nuget/-/microsoft.aspnetcore.http.connections.common.yaml,8,3,1,3
nuget/nuget/-/Microsoft.AspNetCore.Http.Connections.Common.yaml,20,15,5,3
nuget/nuget/-/microsoft.aspnetcore.http.connections.yaml,8,3,1,3
nuget/nuget/-/Microsoft.AspNetCore.Http.Connections.yaml,17,12,4,3
nuget/nuget/-/Microsoft.AspNetCore.Http.Extensions.yaml,26,21,7,3
nuget/nuget/-/Microsoft.AspNetCore.Http.Features.yaml,23,18,6,3
nuget/nuget/-/Microsoft.AspNetCore.HttpOverrides.yaml,23,18,6,3
nuget/nuget/-/microsoft.aspnetcore.httpspolicy.yaml,8,3,1,3
nuget/nuget/-/Microsoft.AspNetCore.HttpsPolicy.yaml,11,6,2,3
nuget/nuget/-/microsoft.aspnetcore.http.yaml,8,3,1,3
nuget/nuget/-/Microsoft.AspNetCore.Http.yaml,23,18,6,3
nuget/nuget/-/Microsoft.AspNetCore.Identity.EntityFrameworkCore.yaml,20,15,5,3
nuget/nuget/-/Microsoft.AspNetCore.Identity.UI.yaml,17,12,4,3
nuget/nuget/-/microsoft.aspnetcore.identity.yaml,8,3,1,3
nuget/nuget/-/Microsoft.AspNetCore.Identity.yaml,20,15,5,3
nuget/nuget/-/Microsoft.AspNetCore.JsonPatch.yaml,17,12,4,3
nuget/nuget/-/Microsoft.AspNetCore.Localization.Routing.yaml,14,9,3,3
nuget/nuget/-/Microsoft.AspNetCore.Localization.yaml,23,18,6,3
nuget/nuget/-/Microsoft.AspNetCore.MiddlewareAnalysis.yaml,14,9,3,3
nuget/nuget/-/Microsoft.AspNetCore.Mvc.Abstractions.yaml,29,24,8,3
nuget/nuget/-/Microsoft.AspNetCore.Mvc.Analyzers.yaml,17,12,4,3
nuget/nuget/-/Microsoft.AspNetCore.Mvc.ApiExplorer.yaml,29,24,8,3
nuget/nuget/-/Microsoft.AspNetCore.Mvc.Core.yaml,32,27,9,3
nuget/nuget/-/Microsoft.AspNetCore.Mvc.Cors.yaml,29,24,8,3
nuget/nuget/-/Microsoft.AspNetCore.Mvc.DataAnnotations.yaml,29,24,8,3
nuget/nuget/-/Microsoft.AspNetCore.Mvc.Formatters.Json.yaml,29,24,8,3
nuget/nuget/-/Microsoft.AspNetCore.Mvc.Formatters.Xml.yaml,17,12,4,3
nuget/nuget/-/Microsoft.AspNetCore.Mvc.Localization.yaml,29,24,8,3
nuget/nuget/-/Microsoft.AspNetCore.Mvc.Razor.Extensions.yaml,26,21,7,3
nuget/nuget/-/Microsoft.AspNetCore.Mvc.RazorPages.yaml,29,24,8,3
nuget/nuget/-/Microsoft.AspNetCore.Mvc.Razor.ViewCompilation.yaml,14,9,3,3
nuget/nuget/-/Microsoft.AspNetCore.Mvc.Razor.yaml,29,24,8,3
nuget/nuget/-/Microsoft.AspNetCore.Mvc.TagHelpers.yaml,29,24,8,3
nuget/nuget/-/Microsoft.AspNetCore.Mvc.ViewFeatures.yaml,29,24,8,3
nuget/nuget/-/Microsoft.AspNetCore.Mvc.WebApiCompatShim.yaml,16,11,2,5
nuget/nuget/-/Microsoft.AspNetCore.Mvc.yaml,29,24,8,3
nuget/nuget/-/Microsoft.AspNetCore.NodeServices.yaml,14,9,3,3
nuget/nuget/-/microsoft.aspnetcore.owin.yaml,8,3,1,3
nuget/nuget/-/Microsoft.AspNetCore.Owin.yaml,14,9,3,3
nuget/nuget/-/Microsoft.AspNetCore.Razor.Design.yaml,17,12,4,3
nuget/nuget/-/Microsoft.AspNetCore.Razor.Language.yaml,26,21,7,3
nuget/nuget/-/Microsoft.AspNetCore.Razor.Runtime.yaml,26,21,7,3
nuget/nuget/-/Microsoft.AspNetCore.Razor.yaml,26,21,7,3
nuget/nuget/-/Microsoft.AspNetCore.ResponseCaching.Abstractions.yaml,23,18,6,3
nuget/nuget/-/Microsoft.AspNetCore.ResponseCaching.yaml,14,9,3,3
nuget/nuget/-/Microsoft.AspNetCore.ResponseCompression.yaml,14,9,3,3
nuget/nuget/-/Microsoft.AspNetCore.Rewrite.yaml,14,9,3,3
nuget/nuget/-/Microsoft.AspNetCore.Routing.Abstractions.yaml,23,18,6,3
nuget/nuget/-/Microsoft.AspNetCore.Routing.yaml,26,21,7,3
nuget/nuget/-/Microsoft.AspNetCore.Server.HttpSys.yaml,14,9,3,3
nuget/nuget/-/Microsoft.AspNetCore.Server.IISIntegration.yaml,26,21,7,3
nuget/nuget/-/Microsoft.AspNetCore.Server.IIS.yaml,8,3,1,3
nuget/nuget/-/Microsoft.AspNetCore.Server.Kestrel.Core.yaml,29,24,8,3
nuget/nuget/-/Microsoft.AspNetCore.Server.Kestrel.Https.yaml,29,24,8,3
nuget/nuget/-/Microsoft.AspNetCore.Server.Kestrel.Transport.Abstractions.yaml,29,24,8,3
nuget/nuget/-/Microsoft.AspNetCore.Server.Kestrel.Transport.Libuv.yaml,17,12,4,3
nuget/nuget/-/Microsoft.AspNetCore.Server.Kestrel.Transport.Sockets.yaml,20,15,5,3
nuget/nuget/-/Microsoft.AspNetCore.Server.Kestrel.yaml,29,24,8,3
nuget/nuget/-/Microsoft.AspNetCore.Session.yaml,14,9,3,3
nuget/nuget/-/Microsoft.AspNetCore.SignalR.Common.yaml,17,12,4,3
nuget/nuget/-/Microsoft.AspNetCore.SignalR.Core.yaml,17,12,4,3
nuget/nuget/-/Microsoft.AspNetCore.SignalR.Protocols.Json.yaml,17,12,4,3
nuget/nuget/-/Microsoft.AspNetCore.SignalR.Redis.yaml,8,3,1,3
nuget/nuget/-/Microsoft.AspNetCore.SignalR.yaml,17,12,4,3
nuget/nuget/-/Microsoft.AspNetCore.SpaServices.Extensions.yaml,11,6,2,3
nuget/nuget/-/Microsoft.AspNetCore.SpaServices.yaml,14,9,3,3
nuget/nuget/-/Microsoft.AspNetCore.StaticFiles.yaml,20,15,5,3
nuget/nuget/-/Microsoft.AspNetCore.TestHost.yaml,8,3,1,3
nuget/nuget/-/Microsoft.AspNetCore.WebSockets.yaml,20,15,5,3
nuget/nuget/-/Microsoft.AspNetCore.WebUtilities.yaml,23,18,6,3
nuget/nuget/-/Microsoft.AspNetCore.yaml,32,27,9,3
nuget/nuget/-/Microsoft.AspNet.OData.Versioning.ApiExplorer.yaml,8,3,1,3
nuget/nuget/-/Microsoft.AspNet.OData.Versioning.yaml,26,21,7,3
nuget/nuget/-/Microsoft.AspNet.OData.yaml,8,3,1,3
nuget/nuget/-/Microsoft.AspNet.WebApi.Versioning.yaml,35,30,10,3
nuget/nuget/-/Microsoft.Automatic.Graph.Layout.yaml,8,3,1,3
nuget/nuget/-/Microsoft.Azure.Amqp.yaml,26,21,7,3
nuget/nuget/-/Microsoft.Azure.Batch.Conventions.Files.yaml,23,18,6,3
nuget/nuget/-/Microsoft.Azure.Commerce.UsageAggregates.yaml,11,6,2,3
nuget/nuget/-/Microsoft.Azure.Common.Authentication.yaml,26,21,7,3
nuget/nuget/-/Microsoft.Azure.Common.Dependencies.yaml,19,12,1,12
nuget/nuget/-/Microsoft.Azure.Common.yaml,58,51,11,4
nuget/nuget/-/Microsoft.Azure.CosmosDB.Table.yaml,32,27,9,3
nuget/nuget/-/Microsoft.Azure.Cosmos.Table.yaml,17,12,4,3
nuget/nuget/-/Microsoft.Azure.DataLake.Store.yaml,8,3,1,3
nuget/nuget/-/Microsoft.Azure.Devices.Client.yaml,28,23,5,4
nuget/nuget/-/Microsoft.Azure.Devices.Shared.yaml,25,20,4,5
nuget/nuget/-/Microsoft.Azure.Devices.yaml,11,6,2,3
nuget/nuget/-/Microsoft.Azure.DocumentDB.Core.yaml,24,19,2,9
nuget/nuget/-/Microsoft.Azure.EventHubs.Processor.yaml,11,6,2,3
nuget/nuget/-/Microsoft.Azure.EventHubs.yaml,17,12,4,3
nuget/nuget/-/Microsoft.Azure.Graph.RBAC.yaml,29,24,8,3
nuget/nuget/-/Microsoft.Azure.Insights.yaml,35,30,10,3
nuget/nuget/-/Microsoft.Azure.KeyVault.Core.yaml,55,48,10,4
nuget/nuget/-/Microsoft.Azure.KeyVault.Cryptography.yaml,11,6,2,3
nuget/nuget/-/Microsoft.Azure.KeyVault.Extensions.yaml,44,39,13,3
nuget/nuget/-/Microsoft.Azure.KeyVault.WebKey.yaml,49,42,8,5
nuget/nuget/-/Microsoft.Azure.KeyVault.yaml,92,84,19,4
nuget/nuget/-/Microsoft.Azure.MachineLearning.yaml,11,6,2,3
nuget/nuget/-/Microsoft.Azure.Management.ApiManagement.yaml,23,18,6,3
nuget/nuget/-/Microsoft.Azure.Management.AppService.Fluent.yaml,35,30,3,10
nuget/nuget/-/Microsoft.Azure.Management.Authorization.yaml,47,42,14,3
nuget/nuget/-/Microsoft.Azure.Management.Automation.yaml,32,27,9,3
nuget/nuget/-/Microsoft.Azure.Management.BackupServices.yaml,8,3,1,3
nuget/nuget/-/Microsoft.Azure.Management.BatchAI.Fluent.yaml,35,30,3,10
nuget/nuget/-/Microsoft.Azure.Management.Batch.Fluent.yaml,35,30,3,10
nuget/nuget/-/Microsoft.Azure.Management.Batch.yaml,38,33,11,3
nuget/nuget/-/Microsoft.Azure.Management.Cdn.Fluent.yaml,35,30,3,10
nuget/nuget/-/Microsoft.Azure.Management.Compute.Fluent.yaml,35,30,3,10
nuget/nuget/-/Microsoft.Azure.Management.Compute.yaml,122,117,38,3
nuget/nuget/-/Microsoft.Azure.Management.ContainerInstance.Fluent.yaml,35,30,3,10
nuget/nuget/-/Microsoft.Azure.Management.ContainerRegistry.Fluent.yaml,35,30,3,10
nuget/nuget/-/Microsoft.Azure.Management.ContainerService.Fluent.yaml,35,30,3,10
nuget/nuget/-/Microsoft.Azure.Management.CosmosDB.Fluent.yaml,35,30,3,10
nuget/nuget/-/Microsoft.Azure.Management.DataFactories.Internal.yaml,8,3,1,3
nuget/nuget/-/Microsoft.Azure.Management.DataFactories.yaml,89,84,28,3
nuget/nuget/-/Microsoft.Azure.Management.DataLake.AnalyticsCatalog.yaml,8,3,1,3
nuget/nuget/-/Microsoft.Azure.Management.DataLake.AnalyticsJob.yaml,11,6,2,3
nuget/nuget/-/Microsoft.Azure.Management.DataLake.Analytics.yaml,59,54,18,3
nuget/nuget/-/Microsoft.Azure.Management.DataLake.StoreFileSystem.yaml,8,3,1,3
nuget/nuget/-/Microsoft.Azure.Management.DataLake.StoreUploader.yaml,26,21,7,3
nuget/nuget/-/Microsoft.Azure.Management.DataLake.Store.yaml,65,60,20,3
nuget/nuget/-/Microsoft.Azure.Management.Dns.Fluent.yaml,38,33,4,8
nuget/nuget/-/Microsoft.Azure.Management.Dns.yaml,35,30,10,3
nuget/nuget/-/Microsoft.Azure.Management.Engagement.yaml,8,3,1,3
nuget/nuget/-/Microsoft.Azure.Management.EventGrid.yaml,8,3,1,3
nuget/nuget/-/Microsoft.Azure.Management.EventHub.Fluent.yaml,35,30,3,10
nuget/nuget/-/Microsoft.Azure.Management.EventHub.yaml,17,12,4,3
nuget/nuget/-/Microsoft.Azure.Management.Fluent.yaml,35,30,3,10
nuget/nuget/-/Microsoft.Azure.Management.Graph.RBAC.Fluent.yaml,35,30,3,10
nuget/nuget/-/Microsoft.Azure.Management.IotHub.yaml,8,3,1,3
nuget/nuget/-/Microsoft.Azure.Management.KeyVault.Fluent.yaml,35,30,3,10
nuget/nuget/-/Microsoft.Azure.Management.KeyVault.yaml,41,36,12,3
nuget/nuget/-/Microsoft.Azure.Management.Kusto.yaml,8,3,1,3
nuget/nuget/-/Microsoft.Azure.Management.Locks.Fluent.yaml,35,30,3,10
nuget/nuget/-/Microsoft.Azure.Management.Logic.yaml,32,27,9,3
nuget/nuget/-/Microsoft.Azure.Management.Monitor.Fluent.yaml,35,30,3,10
nuget/nuget/-/Microsoft.Azure.Management.Monitor.yaml,8,3,1,3
nuget/nuget/-/Microsoft.Azure.Management.Msi.Fluent.yaml,35,30,3,10
nuget/nuget/-/Microsoft.Azure.Management.Network.Fluent.yaml,35,30,3,10
nuget/nuget/-/Microsoft.Azure.Management.Network.yaml,143,138,46,3
nuget/nuget/-/Microsoft.Azure.Management.NotificationHubs.yaml,14,9,3,3
nuget/nuget/-/Microsoft.Azure.Management.OperationalInsights.yaml,14,9,3,3
nuget/nuget/-/Microsoft.Azure.Management.Redis.Fluent.yaml,35,30,3,10
nuget/nuget/-/Microsoft.Azure.Management.Redis.yaml,35,30,10,3
nuget/nuget/-/Microsoft.Azure.Management.ResourceManager.Fluent.yaml,35,30,3,10
nuget/nuget/-/Microsoft.Azure.Management.ResourceManager.yaml,25,20,5,4
nuget/nuget/-/Microsoft.Azure.Management.Resources.yaml,65,60,20,3
nuget/nuget/-/Microsoft.Azure.Management.Scheduler.yaml,26,21,7,3
nuget/nuget/-/Microsoft.Azure.Management.Search.Fluent.yaml,35,30,3,10
nuget/nuget/-/Microsoft.Azure.Management.ServiceBus.Fluent.yaml,35,30,3,10
nuget/nuget/-/Microsoft.Azure.Management.Sql.Fluent.yaml,35,30,3,10
nuget/nuget/-/Microsoft.Azure.Management.Sql.yaml,83,78,26,3
nuget/nuget/-/Microsoft.Azure.Management.Storage.Fluent.yaml,35,30,3,10
nuget/nuget/-/Microsoft.Azure.Management.Storage.yaml,71,66,22,3
nuget/nuget/-/Microsoft.Azure.Management.StreamAnalytics.yaml,35,30,10,3
nuget/nuget/-/Microsoft.Azure.Management.TrafficManager.Fluent.yaml,35,30,3,10
nuget/nuget/-/Microsoft.Azure.Management.TrafficManager.yaml,38,33,11,3
nuget/nuget/-/Microsoft.Azure.Search.yaml,77,72,24,3
nuget/nuget/-/Microsoft.Azure.ServiceBus.yaml,8,3,1,3
nuget/nuget/-/Microsoft.Azure.Services.AppAuthentication.yaml,22,17,3,5
nuget/nuget/-/Microsoft.AzureStack.AzureConsistentStorage.yaml,8,3,1,3
nuget/nuget/-/Microsoft.AzureStack.Management.KeyVault.Admin.yaml,8,3,1,3
nuget/nuget/-/Microsoft.AzureStack.Management.yaml,11,6,2,3
nuget/nuget/-/Microsoft.Azure.Storage.Blob.yaml,23,18,6,3
nuget/nuget/-/Microsoft.Azure.Storage.Common.yaml,26,21,7,3
nuget/nuget/-/Microsoft.Azure.Storage.DataMovement.yaml,71,66,22,3
nuget/nuget/-/Microsoft.Azure.Storage.File.yaml,14,9,3,3
nuget/nuget/-/Microsoft.Azure.Storage.Queue.yaml,17,12,4,3
nuget/nuget/-/Microsoft.Bot.Builder.Azure.yaml,50,45,15,3
nuget/nuget/-/Microsoft.Bot.Connector.Teams.yaml,14,9,3,3
nuget/nuget/-/Microsoft.Bot.Schema.yaml,8,3,1,3
nuget/nuget/-/Microsoft.CodeAnalysis.Razor.yaml,26,21,7,3
nuget/nuget/-/Microsoft.CSharp.yaml,14,9,3,3
nuget/nuget/-/Microsoft.Data.Edm.yaml,20,15,5,3
nuget/nuget/-/Microsoft.Data.OData.yaml,23,18,5,3
nuget/nuget/-/Microsoft.Data.Services.Client.yaml,20,15,5,3
nuget/nuget/-/Microsoft.Data.Sqlite.Core.yaml,8,3,1,3
nuget/nuget/-/Microsoft.Data.Sqlite.yaml,8,3,1,3
nuget/nuget/-/Microsoft.Diagnostics.Instrumentation.Extensions.Intercept.yaml,11,6,2,3
nuget/nuget/-/Microsoft.Diagnostics.Tracing.TraceEvent.yaml,38,33,4,8
nuget/nuget/-/Microsoft.DotNet.PlatformAbstractions.yaml,20,15,5,3
nuget/nuget/-/Microsoft.EntityFrameworkCore.Abstractions.yaml,25,20,4,5
nuget/nuget/-/Microsoft.EntityFrameworkCore.Analyzers.yaml,25,20,4,5
nuget/nuget/-/Microsoft.EntityFrameworkCore.Design.yaml,28,23,5,4
nuget/nuget/-/Microsoft.EntityFrameworkCore.InMemory.yaml,28,23,5,4
nuget/nuget/-/Microsoft.EntityFrameworkCore.Relational.yaml,28,23,5,4
nuget/nuget/-/Microsoft.EntityFrameworkCore.Sqlite.Core.yaml,11,6,2,3
nuget/nuget/-/Microsoft.EntityFrameworkCore.Sqlite.yaml,11,6,2,3
nuget/nuget/-/Microsoft.EntityFrameworkCore.SqlServer.yaml,28,23,5,4
nuget/nuget/-/Microsoft.EntityFrameworkCore.Tools.yaml,28,23,5,4
nuget/nuget/-/Microsoft.EntityFrameworkCore.yaml,25,20,4,5
nuget/nuget/-/Microsoft.Extensions.Caching.Abstractions.yaml,20,15,5,3
nuget/nuget/-/Microsoft.Extensions.Caching.Memory.yaml,23,18,6,3
nuget/nuget/-/Microsoft.Extensions.Caching.Redis.yaml,11,6,2,3
nuget/nuget/-/Microsoft.Extensions.Caching.SqlServer.yaml,20,15,5,3
nuget/nuget/-/Microsoft.Extensions.Configuration.Abstractions.yaml,26,21,7,3
nuget/nuget/-/Microsoft.Extensions.Configuration.AzureKeyVault.yaml,17,12,4,3
nuget/nuget/-/microsoft.extensions.configuration.binder.yaml,8,3,1,3
nuget/nuget/-/Microsoft.Extensions.Configuration.Binder.yaml,26,21,7,3
nuget/nuget/-/Microsoft.Extensions.Configuration.CommandLine.yaml,20,15,5,3
nuget/nuget/-/microsoft.extensions.configuration.environmentvariables.yaml,8,3,1,3
nuget/nuget/-/Microsoft.Extensions.Configuration.EnvironmentVariables.yaml,23,18,6,3
nuget/nuget/-/Microsoft.Extensions.Configuration.FileExtensions.yaml,20,15,5,3
nuget/nuget/-/Microsoft.Extensions.Configuration.Ini.yaml,14,9,3,3
nuget/nuget/-/Microsoft.Extensions.Configuration.Json.yaml,20,15,5,3
nuget/nuget/-/Microsoft.Extensions.Configuration.KeyPerFile.yaml,11,6,2,3
nuget/nuget/-/Microsoft.Extensions.Configuration.UserSecrets.yaml,20,15,5,3
nuget/nuget/-/Microsoft.Extensions.Configuration.Xml.yaml,14,9,3,3
nuget/nuget/-/Microsoft.Extensions.Configuration.yaml,26,21,7,3
nuget/nuget/-/Microsoft.Extensions.DependencyInjection.Abstractions.yaml,17,12,4,3
nuget/nuget/-/Microsoft.Extensions.DependencyInjection.yaml,17,12,4,3
nuget/nuget/-/Microsoft.Extensions.DependencyModel.yaml,20,15,5,3
nuget/nuget/-/Microsoft.Extensions.DiagnosticAdapter.yaml,11,6,2,3
nuget/nuget/-/Microsoft.Extensions.FileProviders.Abstractions.yaml,20,15,5,3
nuget/nuget/-/Microsoft.Extensions.FileProviders.Composite.yaml,25,20,5,4
nuget/nuget/-/microsoft.extensions.fileproviders.embedded.yaml,8,3,1,3
nuget/nuget/-/Microsoft.Extensions.FileProviders.Embedded.yaml,14,9,3,3
nuget/nuget/-/Microsoft.Extensions.FileProviders.Physical.yaml,20,15,5,3
nuget/nuget/-/Microsoft.Extensions.FileSystemGlobbing.yaml,20,15,5,3
nuget/nuget/-/Microsoft.Extensions.Hosting.Abstractions.yaml,23,18,6,3
nuget/nuget/-/microsoft.extensions.hosting.yaml,8,3,1,3
nuget/nuget/-/Microsoft.Extensions.Hosting.yaml,11,6,2,3
nuget/nuget/-/Microsoft.Extensions.Http.yaml,11,6,2,3
nuget/nuget/-/microsoft.extensions.identity.core.yaml,8,3,1,3
nuget/nuget/-/Microsoft.Extensions.Identity.Core.yaml,20,15,5,3
nuget/nuget/-/Microsoft.Extensions.Identity.Stores.yaml,20,15,5,3
nuget/nuget/-/Microsoft.Extensions.Localization.Abstractions.yaml,23,18,6,3
nuget/nuget/-/Microsoft.Extensions.Localization.yaml,23,18,6,3
nuget/nuget/-/Microsoft.Extensions.Logging.Abstractions.yaml,23,18,6,3
nuget/nuget/-/Microsoft.Extensions.Logging.ApplicationInsights.yaml,8,3,1,3
nuget/nuget/-/Microsoft.Extensions.Logging.AzureAppServices.yaml,10,6,2,3
nuget/nuget/-/Microsoft.Extensions.Logging.Configuration.yaml,20,15,5,3
nuget/nuget/-/Microsoft.Extensions.Logging.Console.yaml,23,18,6,3
nuget/nuget/-/Microsoft.Extensions.Logging.Debug.yaml,20,15,5,3
nuget/nuget/-/Microsoft.Extensions.Logging.EventSource.yaml,17,12,4,3
nuget/nuget/-/microsoft.extensions.logging.tracesource.yaml,8,3,1,3
nuget/nuget/-/Microsoft.Extensions.Logging.TraceSource.yaml,14,9,3,3
nuget/nuget/-/Microsoft.Extensions.Logging.yaml,23,18,6,3
nuget/nuget/-/Microsoft.Extensions.ObjectPool.yaml,17,12,4,3
nuget/nuget/-/Microsoft.Extensions.Options.ConfigurationExtensions.yaml,20,15,5,3
nuget/nuget/-/microsoft.extensions.options.dataannotations.yaml,8,3,1,3
nuget/nuget/-/Microsoft.Extensions.Options.DataAnnotations.yaml,8,3,1,3
nuget/nuget/-/Microsoft.Extensions.Options.yaml,26,21,7,3
nuget/nuget/-/Microsoft.Extensions.Primitives.yaml,20,15,5,3
nuget/nuget/-/Microsoft.Extensions.WebEncoders.yaml,20,15,5,3
nuget/nuget/-/Microsoft.Hadoop.Avro.yaml,11,6,2,3
nuget/nuget/-/Microsoft.Hadoop.Client.yaml,23,18,6,3
nuget/nuget/-/Microsoft.HBase.Client.yaml,8,3,1,3
nuget/nuget/-/Microsoft.Identity.Client.yaml,17,12,4,3
nuget/nuget/-/Microsoft.IdentityModel.Clients.ActiveDirectory.yaml,129,124,22,5
nuget/nuget/-/Microsoft.IdentityModel.JsonWebTokens.yaml,14,9,3,3
nuget/nuget/-/Microsoft.IdentityModel.Logging.yaml,37,32,8,4
nuget/nuget/-/Microsoft.IdentityModel.Protocol.Extensions.yaml,11,6,2,3
nuget/nuget/-/Microsoft.IdentityModel.Protocols.OpenIdConnect.yaml,11,6,2,3
nuget/nuget/-/Microsoft.IdentityModel.Protocols.WsFederation.yaml,19,14,3,4
nuget/nuget/-/Microsoft.IdentityModel.Protocols.yaml,25,20,5,4
nuget/nuget/-/Microsoft.IdentityModel.Tokens.Saml.yaml,17,12,3,4
nuget/nuget/-/Microsoft.IdentityModel.Tokens.yaml,37,32,8,4
nuget/nuget/-/Microsoft.IdentityModel.Xml.yaml,19,14,3,4
nuget/nuget/-/Microsoft.IO.RecyclableMemoryStream.yaml,29,24,2,12
nuget/nuget/-/Microsoft.Management.Infrastructure.yaml,8,3,1,3
nuget/nuget/-/Microsoft.Maps.MapControl.WPF.yaml,13,8,1,8
nuget/nuget/-/Microsoft.MarkedNet.yaml,8,3,1,3
nuget/nuget/-/Microsoft.NETCore.App.yaml,26,21,7,3
nuget/nuget/-/Microsoft.NETCore.DotNetAppHost.yaml,36,31,7,4
nuget/nuget/-/Microsoft.NETCore.DotNetHostPolicy.yaml,17,12,4,3
nuget/nuget/-/Microsoft.NETCore.DotNetHostResolver.yaml,17,12,4,3
nuget/nuget/-/microsoft.netcore.platforms.yaml,8,3,1,3
nuget/nuget/-/Microsoft.NETCore.Platforms.yaml,23,18,6,3
nuget/nuget/-/Microsoft.NETCore.Targets.yaml,11,6,2,3
nuget/nuget/-/Microsoft.NETCore.UniversalWindowsPlatform.yaml,8,3,1,3
nuget/nuget/-/Microsoft.Net.Http.Headers.yaml,23,18,6,3
nuget/nuget/-/Microsoft.NET.Sdk.Functions.yaml,8,3,1,3
nuget/nuget/-/Microsoft.Net.UWPCoreRuntimeSdk.yaml,8,3,1,3
nuget/nuget/-/Microsoft.OData.Client.yaml,11,6,2,3
nuget/nuget/-/Microsoft.OData.Core.yaml,17,12,4,3
nuget/nuget/-/Microsoft.OData.Edm.yaml,20,15,5,3
nuget/nuget/-/Microsoft.Orleans.Clustering.AzureStorage.yaml,8,3,1,3
nuget/nuget/-/Microsoft.Orleans.Core.Abstractions.yaml,8,3,1,3
nuget/nuget/-/Microsoft.Orleans.Core.yaml,8,3,1,3
nuget/nuget/-/Microsoft.Orleans.OrleansProviders.yaml,8,3,1,3
nuget/nuget/-/Microsoft.Orleans.Reminders.AzureStorage.yaml,8,3,1,3
nuget/nuget/-/Microsoft.Orleans.Runtime.Abstractions.yaml,8,3,1,3
nuget/nuget/-/Microsoft.Owin.Diagnostics.yaml,8,3,1,3
nuget/nuget/-/Microsoft.Owin.FileSystems.yaml,11,6,1,6
nuget/nuget/-/Microsoft.Owin.Host.HttpListener.yaml,11,6,2,3
nuget/nuget/-/Microsoft.Owin.Hosting.yaml,8,3,1,3
nuget/nuget/-/Microsoft.Owin.Host.SystemWeb.yaml,8,3,1,3
nuget/nuget/-/Microsoft.Owin.Security.ActiveDirectory.yaml,11,6,2,3
nuget/nuget/-/Microsoft.Owin.Security.Jwt.yaml,16,11,2,5
nuget/nuget/-/Microsoft.Owin.Security.OAuth.yaml,16,11,2,5
nuget/nuget/-/Microsoft.Owin.Security.yaml,16,11,2,5
nuget/nuget/-/Microsoft.Owin.SelfHost.yaml,8,3,1,3
nuget/nuget/-/Microsoft.Owin.StaticFiles.yaml,13,8,1,8
nuget/nuget/-/Microsoft.Owin.yaml,11,6,2,3
nuget/nuget/-/Microsoft.PowerBI.Api.yaml,8,3,1,3
nuget/nuget/-/Microsoft.PowerShell.5.1.ReferenceAssemblies.yaml,8,3,1,3
nuget/nuget/-/Microsoft.PowerShell.Native.yaml,17,12,1,12
nuget/nuget/-/Microsoft.PowerShell.SDK.yaml,18,13,2,6
nuget/nuget/-/Microsoft.Rest.ClientRuntime.Azure.Authentication.yaml,20,15,5,3
nuget/nuget/-/Microsoft.Rest.ClientRuntime.Azure.yaml,41,36,12,3
nuget/nuget/-/Microsoft.Rest.ClientRuntime.yaml,50,45,15,3
nuget/nuget/-/Microsoft.Spatial.yaml,20,15,5,3
nuget/nuget/-/Microsoft.Toolkit.Parsers.yaml,14,9,3,3
nuget/nuget/-/Microsoft.Toolkit.Uwp.UI.Animations.yaml,14,9,3,3
nuget/nuget/-/Microsoft.Toolkit.Uwp.UI.Controls.yaml,14,9,3,3
nuget/nuget/-/Microsoft.Toolkit.Uwp.UI.yaml,17,12,4,3
nuget/nuget/-/Microsoft.Toolkit.Uwp.yaml,17,12,4,3
nuget/nuget/-/microsoft.toolkit.wpf.ui.controls.webview.yaml,8,3,1,3
nuget/nuget/-/Microsoft.Toolkit.Wpf.UI.Controls.WebView.yaml,8,3,1,3
nuget/nuget/-/Microsoft.Toolkit.yaml,17,12,4,3
nuget/nuget/-/Microsoft.TSS.yaml,8,3,1,3
nuget/nuget/-/Microsoft.VisualStudio.Azure.Fabric.MSBuild.yaml,8,3,1,3
nuget/nuget/-/Microsoft.VisualStudio.Composition.yaml,9,3,1,3
nuget/nuget/-/Microsoft.VisualStudioEng.MicroBuild.Core.yaml,8,3,1,3
nuget/nuget/-/Microsoft.VisualStudio.SDK.Analyzers.yaml,38,33,11,3
nuget/nuget/-/Microsoft.VisualStudio.SlowCheetah.yaml,20,15,5,3
nuget/nuget/-/Microsoft.VisualStudio.Threading.Analyzers.yaml,14,9,3,3
nuget/nuget/-/Microsoft.VisualStudio.Threading.yaml,14,9,3,3
nuget/nuget/-/Microsoft.VisualStudio.Validation.yaml,17,12,4,3
nuget/nuget/-/Microsoft.VisualStudio.Web.BrowserLink.yaml,11,6,2,3
nuget/nuget/-/Microsoft.VisualStudio.Web.CodeGeneration.Contracts.yaml,8,3,1,3
nuget/nuget/-/Microsoft.VisualStudio.Web.CodeGeneration.Core.yaml,8,3,1,3
nuget/nuget/-/Microsoft.VisualStudio.Web.CodeGeneration.Design.yaml,8,3,1,3
nuget/nuget/-/Microsoft.VisualStudio.Web.CodeGeneration.EntityFrameworkCore.yaml,8,3,1,3
nuget/nuget/-/Microsoft.VisualStudio.Web.CodeGeneration.Templating.yaml,8,3,1,3
nuget/nuget/-/Microsoft.VisualStudio.Web.CodeGeneration.Utils.yaml,8,3,1,3
nuget/nuget/-/Microsoft.VisualStudio.Web.CodeGeneration.yaml,8,3,1,3
nuget/nuget/-/Microsoft.VisualStudio.Web.CodeGenerators.Mvc.yaml,8,3,1,3
nuget/nuget/-/microsoft.win32.registry.accesscontrol.yaml,8,3,1,3
nuget/nuget/-/Microsoft.Win32.Registry.AccessControl.yaml,8,3,1,3
nuget/nuget/-/microsoft.win32.registry.yaml,8,3,1,3
nuget/nuget/-/Microsoft.Win32.Registry.yaml,11,6,2,3
nuget/nuget/-/microsoft.win32.systemevents.yaml,8,3,1,3
nuget/nuget/-/Microsoft.Win32.SystemEvents.yaml,8,3,1,3
nuget/nuget/-/Microsoft.WindowsAzure.Common.Dependencies.yaml,20,15,5,3
nuget/nuget/-/Microsoft.WindowsAzure.Common.yaml,41,36,12,3
nuget/nuget/-/Microsoft.WindowsAzure.ConfigurationManager.yaml,56,48,7,6
nuget/nuget/-/Microsoft.WindowsAzure.Management.Automation.yaml,8,3,1,3
nuget/nuget/-/Microsoft.WindowsAzure.Management.Compute.yaml,71,66,22,3
nuget/nuget/-/Microsoft.WindowsAzure.Management.HDInsight.yaml,20,15,5,3
nuget/nuget/-/Microsoft.WindowsAzure.Management.Libraries.yaml,17,12,4,3
nuget/nuget/-/Microsoft.WindowsAzure.Management.MediaServices.yaml,17,12,4,3
nuget/nuget/-/Microsoft.WindowsAzure.Management.Monitoring.yaml,23,18,6,3
nuget/nuget/-/Microsoft.WindowsAzure.Management.Network.yaml,68,63,21,3
nuget/nuget/-/Microsoft.WindowsAzure.Management.Scheduler.yaml,26,21,7,3
nuget/nuget/-/Microsoft.WindowsAzure.Management.ServiceBus.yaml,23,18,6,3
nuget/nuget/-/Microsoft.WindowsAzure.Management.Sql.yaml,32,27,9,3
nuget/nuget/-/Microsoft.WindowsAzure.Management.Storage.yaml,44,39,13,3
nuget/nuget/-/Microsoft.WindowsAzure.Management.Store.yaml,8,3,1,3
nuget/nuget/-/Microsoft.WindowsAzure.Management.TrafficManager.yaml,17,12,4,3
nuget/nuget/-/Microsoft.WindowsAzure.Management.VirtualNetworks.yaml,8,3,1,3
nuget/nuget/-/Microsoft.WindowsAzure.Management.WebSites.yaml,29,24,8,3
nuget/nuget/-/Microsoft.WindowsAzure.Management.yaml,56,51,17,3
nuget/nuget/-/Microsoft.Windows.Compatibility.Shims.yaml,8,3,1,3
nuget/nuget/-/microsoft.windows.compatibility.yaml,8,3,1,3
nuget/nuget/-/Microsoft.Windows.Compatibility.yaml,14,9,3,3
nuget/nuget/-/Microsoft.Xaml.Behaviors.Uwp.Managed.yaml,11,6,2,3
nuget/nuget/-/MisterJimson.Cheeseknife.yaml,8,3,1,3
nuget/nuget/-/Modernizr.yaml,11,6,2,3
nuget/nuget/-/Moment.js.yaml,11,6,2,3
nuget/nuget/-/MongoDB.Bson.yaml,8,3,1,3
nuget/nuget/-/MongoDB.Driver.Core.yaml,8,3,1,3
nuget/nuget/-/MongoDB.Driver.yaml,8,3,1,3
nuget/nuget/-/Mono.Addins.CecilReflector.yaml,9,3,1,3
nuget/nuget/-/Mono.Addins.Setup.yaml,9,3,1,3
nuget/nuget/-/Mono.Addins.yaml,9,3,1,3
nuget/nuget/-/Mono.ApiTools.NuGetDiff.yaml,11,6,2,3
nuget/nuget/-/Mono.Cecil.yaml,11,6,2,3
nuget/nuget/-/Mono.Options.yaml,8,3,1,3
nuget/nuget/-/Mono.Security.yaml,8,3,1,3
nuget/nuget/-/Mono.TextTemplating.yaml,9,3,1,3
nuget/nuget/-/Moq.yaml,95,90,16,5
nuget/nuget/-/MSBuilder.IsXBuild.yaml,11,6,2,3
nuget/nuget/-/MSBuilder.yaml,11,6,2,3
nuget/nuget/-/MSBuildTasks.yaml,8,3,1,3
nuget/nuget/-/MvvmLightLibsStd10.yaml,11,6,2,3
nuget/nuget/-/Namotion.Reflection.yaml,8,3,1,3
nuget/nuget/-/NAudio.yaml,8,3,1,3
nuget/nuget/-/Neo4j.Driver.yaml,29,24,8,3
nuget/nuget/-/Nerdbank.GitVersioning.yaml,62,57,19,3
nuget/nuget/-/Nerdbank.Streams.yaml,32,27,9,3
nuget/nuget/-/NEST.yaml,152,147,49,3
nuget/nuget/-/NetMQ.yaml,8,3,1,3
nuget/nuget/-/NETStandard.Library.yaml,10,6,2,3
nuget/nuget/-/NewId.yaml,11,6,2,3
nuget/nuget/-/Newtonsoft.Json.Bson.yaml,8,3,1,3
nuget/nuget/-/Newtonsoft.Json.yaml,60,55,15,3
nuget/nuget/-/Ninject.yaml,21,16,2,8
nuget/nuget/-/Nito.AsyncEx.Context.yaml,14,9,3,3
nuget/nuget/-/Nito.AsyncEx.Coordination.yaml,14,9,3,3
nuget/nuget/-/Nito.AsyncEx.Interop.WaitHandles.yaml,11,6,2,3
nuget/nuget/-/Nito.AsyncEx.Oop.yaml,11,6,2,3
nuget/nuget/-/Nito.AsyncEx.Tasks.yaml,17,12,4,3
nuget/nuget/-/Nito.AsyncEx.yaml,8,3,1,3
nuget/nuget/-/njsonschema.yaml,8,3,1,3
nuget/nuget/-/NJsonSchema.yaml,29,24,8,3
nuget/nuget/-/NLog.Config.yaml,119,114,38,3
nuget/nuget/-/NLog.Schema.yaml,107,102,34,3
nuget/nuget/-/NLog.Web.AspNetCore.yaml,38,33,11,3
nuget/nuget/-/NLog.yaml,190,186,60,3
nuget/nuget/-/NotificationsExtensions.Win10.yaml,11,6,2,3
nuget/nuget/-/NuGet.Build.Packaging.yaml,9,3,1,3
nuget/nuget/-/NuGet.Client.yaml,8,3,1,3
nuget/nuget/-/NuGet.CommandLine.yaml,11,6,2,3
nuget/nuget/-/NuGet.Common.yaml,8,3,1,3
nuget/nuget/-/NuGet.Core.yaml,11,6,2,3
nuget/nuget/-/NuGet.Frameworks.yaml,8,3,1,3
nuget/nuget/-/NuGet.Packaging.Core.Types.yaml,8,3,1,3
nuget/nuget/-/NuGet.Packaging.Core.yaml,8,3,1,3
nuget/nuget/-/NuGet.Packaging.yaml,8,3,1,3
nuget/nuget/-/NuGetValidator.yaml,8,3,1,3
nuget/nuget/-/NuGet.Versioning.yaml,11,6,2,3
nuget/nuget/-/NUnit3TestAdapter.yaml,41,36,12,3
nuget/nuget/-/NUnit.ConsoleRunner.yaml,35,30,10,3
nuget/nuget/-/NUnit.Console.yaml,35,30,10,3
nuget/nuget/-/nunit.engine.netstandard.yaml,8,3,1,3
nuget/nuget/-/NUnit.Engine.yaml,26,21,7,3
nuget/nuget/-/NUnit.Extension.NUnitProjectLoader.yaml,17,12,4,3
nuget/nuget/-/NUnit.Extension.NUnitV2Driver.yaml,20,15,5,3
nuget/nuget/-/NUnit.Extension.NUnitV2ResultWriter.yaml,17,12,4,3
nuget/nuget/-/NUnit.Extension.TeamCityEventListener.yaml,23,18,6,3
nuget/nuget/-/NUnit.Extension.VSProjectLoader.yaml,23,18,6,3
nuget/nuget/-/NUnitLite.yaml,26,21,7,3
nuget/nuget/-/NUnit.Runners.yaml,35,30,10,3
nuget/nuget/-/NUnit.yaml,59,54,18,3
nuget/nuget/-/NWebsec.AspNetCore.Core.yaml,11,6,2,3
nuget/nuget/-/NWebsec.AspNetCore.Middleware.yaml,11,6,2,3
nuget/nuget/-/NWebsec.Core.yaml,11,6,2,3
nuget/nuget/-/NWebsec.Mvc.yaml,8,3,1,3
nuget/nuget/-/NWebsec.Owin.yaml,11,6,2,3
nuget/nuget/-/NWebsec.yaml,11,6,2,3
nuget/nuget/-/Obfuscar.yaml,11,6,2,3
nuget/nuget/-/Objectivity.Test.Automation.Common.Features.yaml,11,6,2,3
nuget/nuget/-/ObjectsComparer.yaml,11,6,2,3
nuget/nuget/-/Octokit.Reactive.yaml,8,3,1,3
nuget/nuget/-/Octokit.yaml,29,24,8,3
nuget/nuget/-/OneOf.Linq.yaml,8,3,1,3
nuget/nuget/-/OneOf.yaml,8,3,1,3
nuget/nuget/-/OpenBLASLibs.yaml,8,3,1,3
nuget/nuget/-/OpenBLAS.yaml,11,6,2,3
nuget/nuget/-/opencl-nug.yaml,8,3,1,3
nuget/nuget/-/OpenMcdf-2.yaml,8,3,1,3
nuget/nuget/-/OpenTracing.Signed.yaml,8,3,1,3
nuget/nuget/-/OpenTracing.yaml,8,3,1,3
nuget/nuget/-/Owin.Types.yaml,8,3,1,3
nuget/nuget/-/Owin.yaml,8,3,1,3
nuget/nuget/-/OxyPlot.Core.yaml,14,9,3,3
nuget/nuget/-/OxyPlot.WindowsForms.yaml,8,3,1,3
nuget/nuget/-/OxyPlot.Wpf.yaml,8,3,1,3
nuget/nuget/-/OxyPlot.Xamarin.Android.yaml,11,6,2,3
nuget/nuget/-/OxyPlot.Xamarin.Forms.yaml,8,3,1,3
nuget/nuget/-/OxyPlot.Xamarin.iOS.yaml,11,6,2,3
nuget/nuget/-/OxyPlot.yaml,8,3,1,3
nuget/nuget/-/Pagination.yaml,8,3,1,3
nuget/nuget/-/Parquet.Net.yaml,8,3,1,3
nuget/nuget/-/Pathoschild.Http.FluentClient.yaml,11,6,2,3
nuget/nuget/-/PCLStorage.yaml,8,3,1,3
nuget/nuget/-/PdbGit.yaml,8,3,1,3
nuget/nuget/-/Pegasus.yaml,8,3,1,3
nuget/nuget/-/PInvoke.AdvApi32.yaml,14,9,3,3
nuget/nuget/-/PInvoke.BCrypt.yaml,18,13,2,6
nuget/nuget/-/PInvoke.Crypt32.yaml,14,9,3,3
nuget/nuget/-/PInvoke.Kernel32.yaml,23,18,2,9
nuget/nuget/-/PInvoke.NCrypt.yaml,23,18,2,9
nuget/nuget/-/PInvoke.User32.yaml,14,9,3,3
nuget/nuget/-/PInvoke.Windows.Core.yaml,18,13,2,6
nuget/nuget/-/PInvoke.Windows.ShellScalingApi.yaml,14,9,3,3
nuget/nuget/-/Pipelines.Sockets.Unofficial.yaml,11,6,2,3
nuget/nuget/-/Plugin.CurrentActivity.yaml,9,3,1,3
nuget/nuget/-/Plugin.Permissions.yaml,20,15,5,3
nuget/nuget/-/Plugin.Share.yaml,9,3,1,3
nuget/nuget/-/Polly-Signed.yaml,8,3,1,3
nuget/nuget/-/Polly.yaml,20,15,5,3
nuget/nuget/-/PoorMansTSQLFormatter.yaml,8,3,1,3
nuget/nuget/-/Portable.BouncyCastle.yaml,11,6,2,3
nuget/nuget/-/PowerArgs.yaml,11,6,2,3
nuget/nuget/-/PowerShellStandard.Library.yaml,13,8,1,8
nuget/nuget/-/prometheus-net.yaml,17,12,4,3
nuget/nuget/-/protobuf-net.yaml,8,3,1,3
nuget/nuget/-/RefactoringEssentials.yaml,9,3,1,3
nuget/nuget/-/Refit.yaml,14,9,3,3
nuget/nuget/-/RequireJS.yaml,8,3,1,3
nuget/nuget/-/respond.yaml,17,12,1,12
nuget/nuget/-/Respond.yaml,11,5,1,5
nuget/nuget/-/RestSharp.yaml,13,8,2,4
nuget/nuget/-/RhinoMocks.yaml,8,3,1,3
nuget/nuget/-/RichardSzalay.MockHttp.yaml,11,6,2,3
nuget/nuget/-/RocksDbNative.yaml,13,8,1,8
nuget/nuget/-/RocksDbSharp.yaml,13,8,1,8
nuget/nuget/-/runtime.native.system.data.sqlclient.sni.yaml,8,3,1,3
nuget/nuget/-/runtime.native.System.Data.SqlClient.sni.yaml,11,6,2,3
nuget/nuget/-/runtime.native.system.io.ports.yaml,8,3,1,3
nuget/nuget/-/runtime.win10-arm64-aot.Microsoft.NETCore.UniversalWindowsPlatform.yaml,8,3,1,3
nuget/nuget/-/runtime.win10-arm-aot.Microsoft.NETCore.UniversalWindowsPlatform.yaml,8,3,1,3
nuget/nuget/-/runtime.win10-arm.Microsoft.NETCore.UniversalWindowsPlatform.yaml,8,3,1,3
nuget/nuget/-/runtime.win10-arm.Microsoft.Net.UWPCoreRuntimeSdk.yaml,8,3,1,3
nuget/nuget/-/runtime.win10-x64-aot.Microsoft.NETCore.UniversalWindowsPlatform.yaml,8,3,1,3
nuget/nuget/-/runtime.win10-x64.Microsoft.NETCore.UniversalWindowsPlatform.yaml,8,3,1,3
nuget/nuget/-/runtime.win10-x64.Microsoft.Net.UWPCoreRuntimeSdk.yaml,8,3,1,3
nuget/nuget/-/runtime.win10-x86-aot.Microsoft.NETCore.UniversalWindowsPlatform.yaml,8,3,1,3
nuget/nuget/-/runtime.win10-x86.Microsoft.NETCore.UniversalWindowsPlatform.yaml,8,3,1,3
nuget/nuget/-/runtime.win10-x86.Microsoft.Net.UWPCoreRuntimeSdk.yaml,8,3,1,3
nuget/nuget/-/runtime.win-x64.Microsoft.NETCore.App.yaml,11,6,2,3
nuget/nuget/-/runtime.win-x64.Microsoft.NETCore.DotNetAppHost.yaml,11,6,2,3
nuget/nuget/-/runtime.win-x64.Microsoft.NETCore.DotNetHostPolicy.yaml,11,6,2,3
nuget/nuget/-/runtime.win-x64.Microsoft.NETCore.DotNetHostResolver.yaml,11,6,2,3
nuget/nuget/-/Rx-Core.yaml,11,6,2,3
nuget/nuget/-/Rx-Interfaces.yaml,11,6,2,3
nuget/nuget/-/Rx-Linq.yaml,11,6,2,3
nuget/nuget/-/Rx-PlatformServices.yaml,8,3,1,3
nuget/nuget/-/Selenium.WebDriver.EdgeDriver.yaml,8,3,1,3
nuget/nuget/-/Selenium.WebDriver.Extensions.yaml,17,12,4,3
nuget/nuget/-/SemanticComparison.yaml,11,6,2,3
nuget/nuget/-/Serilog.Sinks.TestCorrelator.yaml,14,9,3,3
nuget/nuget/-/SharpBITS.yaml,11,6,1,6
nuget/nuget/-/SharpCompress.yaml,13,8,1,8
nuget/nuget/-/SharpDX.D3DCompiler.yaml,17,12,4,3
nuget/nuget/-/SharpDX.Desktop.yaml,14,9,3,3
nuget/nuget/-/SharpDX.Direct2D1.yaml,20,15,5,3
nuget/nuget/-/SharpDX.Direct3D11.yaml,20,15,5,3
nuget/nuget/-/SharpDX.Direct3D12.yaml,8,3,1,3
nuget/nuget/-/SharpDX.Direct3D9.yaml,11,6,2,3
nuget/nuget/-/SharpDX.DirectSound.yaml,8,3,1,3
nuget/nuget/-/SharpDX.DXGI.yaml,20,15,5,3
nuget/nuget/-/SharpDX.Mathematics.yaml,14,9,3,3
nuget/nuget/-/SharpDX.MediaFoundation.yaml,14,9,3,3
nuget/nuget/-/SharpDX.RawInput.yaml,8,3,1,3
nuget/nuget/-/SharpDX.XAudio2.yaml,8,3,1,3
nuget/nuget/-/SharpDX.XInput.yaml,11,6,2,3
nuget/nuget/-/SharpDX.yaml,23,18,6,3
nuget/nuget/-/SharpSvn.1.8-x86.yaml,9,3,1,3
nuget/nuget/-/SharpZipLib.yaml,9,3,1,3
nuget/nuget/-/simple-config.yaml,8,3,1,3
nuget/nuget/-/sinonjs.yaml,8,3,1,3
nuget/nuget/-/SkiaSharp.yaml,8,3,1,3
nuget/nuget/-/Sprache.Signed.yaml,11,6,2,3
nuget/nuget/-/sqlite-net-pcl.yaml,8,3,1,3
nuget/nuget/-/SQLitePCLRaw.bundle_e_sqlite3.yaml,9,3,1,3
nuget/nuget/-/SQLitePCLRaw.bundle_green.yaml,17,12,4,3
nuget/nuget/-/SQLitePCLRaw.core.yaml,17,12,4,3
nuget/nuget/-/SQLitePCLRaw.lib.e_sqlite3.android.yaml,8,3,1,3
nuget/nuget/-/SQLitePCLRaw.lib.e_sqlite3.linux.yaml,14,9,3,3
nuget/nuget/-/SQLitePCLRaw.lib.e_sqlite3.osx.yaml,14,9,3,3
nuget/nuget/-/SQLitePCLRaw.lib.e_sqlite3.v110_xp.yaml,14,9,3,3
nuget/nuget/-/SQLitePCLRaw.lib.e_sqlite3.v140.yaml,11,6,2,3
nuget/nuget/-/SQLitePCLRaw.provider.e_sqlite3.android.yaml,8,3,1,3
nuget/nuget/-/SQLitePCLRaw.provider.e_sqlite3.net45.yaml,9,3,1,3
nuget/nuget/-/SQLitePCLRaw.provider.e_sqlite3.netstandard11.yaml,14,9,3,3
nuget/nuget/-/SQLitePCLRaw.provider.e_sqlite3.uwp10.yaml,11,6,2,3
nuget/nuget/-/SQLitePCLRaw.provider.sqlite3.ios_unified.yaml,8,3,1,3
nuget/nuget/-/SQLite.yaml,8,3,1,3
nuget/nuget/-/SSH.NET.yaml,8,3,1,3
nuget/nuget/-/StackExchange.Redis.StrongName.yaml,39,34,5,6
nuget/nuget/-/StackExchange.Redis.yaml,11,6,2,3
nuget/nuget/-/StreamJsonRpc.yaml,17,12,3,4
nuget/nuget/-/StrongNamer.yaml,9,3,1,3
nuget/nuget/-/StyleCop.Analyzers.yaml,29,23,4,5
nuget/nuget/-/StyleCop.MSBuild.yaml,34,27,3,9
nuget/nuget/-/Swashbuckle.AspNetCore.Annotations.yaml,8,3,1,3
nuget/nuget/-/Swashbuckle.AspNetCore.Examples.yaml,8,3,1,3
nuget/nuget/-/Swashbuckle.AspNetCore.SwaggerGen.yaml,17,12,4,3
nuget/nuget/-/Swashbuckle.AspNetCore.SwaggerUI.yaml,14,9,3,3
nuget/nuget/-/Swashbuckle.AspNetCore.Swagger.yaml,17,12,4,3
nuget/nuget/-/Swashbuckle.AspNetCore.yaml,14,9,3,3
nuget/nuget/-/Swashbuckle.Core.yaml,11,5,1,5
nuget/nuget/-/SyslogNet.Client.yaml,13,8,1,8
nuget/nuget/-/System.Buffers.yaml,11,6,2,3
nuget/nuget/-/system.codedom.yaml,8,3,1,3
nuget/nuget/-/System.CodeDom.yaml,11,6,2,3
nuget/nuget/-/System.Collections.Immutable.yaml,11,6,2,3
nuget/nuget/-/System.ComponentModel.Annotations.yaml,14,9,3,3
nuget/nuget/-/system.componentmodel.composition.registration.yaml,8,3,1,3
nuget/nuget/-/system.componentmodel.composition.yaml,8,3,1,3
nuget/nuget/-/System.ComponentModel.Composition.yaml,8,3,1,3
nuget/nuget/-/System.Composition.AttributedModel.yaml,8,3,1,3
nuget/nuget/-/System.Composition.Convention.yaml,8,3,1,3
nuget/nuget/-/System.Composition.Hosting.yaml,8,3,1,3
nuget/nuget/-/System.Composition.Runtime.yaml,8,3,1,3
nuget/nuget/-/System.Composition.TypedParts.yaml,8,3,1,3
nuget/nuget/-/System.Composition.yaml,8,3,1,3
nuget/nuget/-/system.configuration.configurationmanager.yaml,8,3,1,3
nuget/nuget/-/System.Configuration.ConfigurationManager.yaml,14,9,3,3
nuget/nuget/-/System.Data.DataSetExtensions.yaml,8,3,1,3
nuget/nuget/-/system.data.hashfunction.metrohash.yaml,8,3,1,3
nuget/nuget/-/system.data.hashfunction.spookyhash.yaml,8,3,1,3
nuget/nuget/-/system.data.odbc.yaml,8,3,1,3
nuget/nuget/-/System.Data.Odbc.yaml,8,3,1,3
nuget/nuget/-/system.data.oledb.yaml,8,3,1,3
nuget/nuget/-/system.data.sqlclient.yaml,8,3,1,3
nuget/nuget/-/System.Data.SqlClient.yaml,14,9,3,3
nuget/nuget/-/System.Diagnostics.DiagnosticSource.yaml,17,12,4,3
nuget/nuget/-/system.diagnostics.eventlog.yaml,8,3,1,3
nuget/nuget/-/System.Diagnostics.EventLog.yaml,8,3,1,3
nuget/nuget/-/system.diagnostics.performancecounter.yaml,8,3,1,3
nuget/nuget/-/System.Diagnostics.PerformanceCounter.yaml,8,3,1,3
nuget/nuget/-/system.directoryservices.accountmanagement.yaml,8,3,1,3
nuget/nuget/-/System.DirectoryServices.AccountManagement.yaml,8,3,1,3
nuget/nuget/-/system.directoryservices.protocols.yaml,8,3,1,3
nuget/nuget/-/System.DirectoryServices.Protocols.yaml,8,3,1,3
nuget/nuget/-/system.directoryservices.yaml,8,3,1,3
nuget/nuget/-/System.DirectoryServices.yaml,8,3,1,3
nuget/nuget/-/system.drawing.common.yaml,8,3,1,3
nuget/nuget/-/System.Drawing.Common.yaml,11,6,2,3
nuget/nuget/-/System.IdentityModel.Tokens.Jwt.yaml,32,27,9,3
nuget/nuget/-/System.Interactive.Async.yaml,8,3,1,3
nuget/nuget/-/System.Interactive.yaml,8,3,1,3
nuget/nuget/-/System.IO.Abstractions.TestingHelpers.yaml,11,6,2,3
nuget/nuget/-/System.IO.Abstractions.yaml,11,6,2,3
nuget/nuget/-/system.io.filesystem.accesscontrol.yaml,8,3,1,3
nuget/nuget/-/System.IO.FileSystem.AccessControl.yaml,8,3,1,3
nuget/nuget/-/system.io.packaging.yaml,8,3,1,3
nuget/nuget/-/System.IO.Packaging.yaml,8,3,1,3
nuget/nuget/-/System.IO.Pipelines.yaml,34,29,4,7
nuget/nuget/-/System.IO.Pipes.AccessControl.yaml,11,6,2,3
nuget/nuget/-/system.io.ports.yaml,8,3,1,3
nuget/nuget/-/System.IO.Ports.yaml,8,3,1,3
nuget/nuget/-/System.Management.Automation_PowerShell_3.0.yaml,8,3,1,3
nuget/nuget/-/System.Management.Automation.yaml,8,3,1,3
nuget/nuget/-/system.management.yaml,8,3,1,3
nuget/nuget/-/System.Management.yaml,8,3,1,3
nuget/nuget/-/System.Memory.yaml,30,25,4,6
nuget/nuget/-/system.net.http.winhttphandler.yaml,11,6,2,3
nuget/nuget/-/System.Net.Http.WinHttpHandler.yaml,14,9,3,3
nuget/nuget/-/System.Net.Security.yaml,8,3,1,3
nuget/nuget/-/system.net.websockets.websocketprotocol.yaml,8,3,1,3
nuget/nuget/-/System.Net.WebSockets.WebSocketProtocol.yaml,8,3,1,3
nuget/nuget/-/System.Numerics.Vectors.yaml,11,6,2,3
nuget/nuget/-/System.Private.ServiceModel.yaml,32,27,9,3
nuget/nuget/-/System.Reactive.Core.yaml,21,15,2,7
nuget/nuget/-/System.Reactive.Interfaces.yaml,21,15,2,7
nuget/nuget/-/System.Reactive.Linq.yaml,21,15,2,7
nuget/nuget/-/System.Reactive.PlatformServices.yaml,11,6,2,3
nuget/nuget/-/System.Reactive.WindowsRuntime.yaml,8,3,1,3
nuget/nuget/-/System.Reactive.Windows.Threading.yaml,11,6,2,3
nuget/nuget/-/System.Reactive.yaml,24,18,3,6
nuget/nuget/-/system.reflection.context.yaml,8,3,1,3
nuget/nuget/-/system.reflection.dispatchproxy.yaml,8,3,1,3
nuget/nuget/-/System.Reflection.DispatchProxy.yaml,8,3,1,3
nuget/nuget/-/system.reflection.emit.ilgeneration.yaml,8,3,1,3
nuget/nuget/-/system.reflection.emit.lightweight.yaml,8,3,1,3
nuget/nuget/-/system.reflection.emit.yaml,8,3,1,3
nuget/nuget/-/System.Reflection.Metadata.yaml,11,6,2,3
nuget/nuget/-/System.Reflection.TypeExtensions.yaml,14,9,3,3
nuget/nuget/-/system.runtime.caching.yaml,8,3,1,3
nuget/nuget/-/System.Runtime.Caching.yaml,8,3,1,3
nuget/nuget/-/system.runtime.compilerservices.unsafe.yaml,8,3,1,3
nuget/nuget/-/System.Runtime.CompilerServices.Unsafe.yaml,17,12,4,3
nuget/nuget/-/system.runtime.windowsruntime.ui.xaml.yaml,8,3,1,3
nuget/nuget/-/system.runtime.windowsruntime.yaml,8,3,1,3
nuget/nuget/-/system.security.accesscontrol.yaml,8,3,1,3
nuget/nuget/-/System.Security.AccessControl.yaml,11,6,2,3
nuget/nuget/-/system.security.cryptography.cng.yaml,8,3,1,3
nuget/nuget/-/System.Security.Cryptography.Cng.yaml,8,3,1,3
nuget/nuget/-/system.security.cryptography.pkcs.yaml,8,3,1,3
nuget/nuget/-/System.Security.Cryptography.Pkcs.yaml,14,9,3,3
nuget/nuget/-/system.security.cryptography.protecteddata.yaml,8,3,1,3
nuget/nuget/-/System.Security.Cryptography.ProtectedData.yaml,11,6,2,3
nuget/nuget/-/system.security.cryptography.xml.yaml,8,3,1,3
nuget/nuget/-/System.Security.Cryptography.Xml.yaml,11,6,2,3
nuget/nuget/-/system.security.permissions.yaml,8,3,1,3
nuget/nuget/-/System.Security.Permissions.yaml,8,3,1,3
nuget/nuget/-/system.security.principal.windows.yaml,8,3,1,3
nuget/nuget/-/System.Security.Principal.Windows.yaml,14,9,3,3
nuget/nuget/-/System.ServiceModel.Duplex.yaml,26,21,7,3
nuget/nuget/-/System.ServiceModel.Http.yaml,32,27,9,3
nuget/nuget/-/System.ServiceModel.NetTcp.yaml,26,21,7,3
nuget/nuget/-/System.ServiceModel.Primitives.yaml,29,24,8,3
nuget/nuget/-/System.ServiceModel.Security.yaml,29,24,8,3
nuget/nuget/-/system.servicemodel.syndication.yaml,8,3,1,3
nuget/nuget/-/System.ServiceModel.Syndication.yaml,8,3,1,3
nuget/nuget/-/system.serviceprocess.servicecontroller.yaml,8,3,1,3
nuget/nuget/-/System.ServiceProcess.ServiceController.yaml,8,3,1,3
nuget/nuget/-/System.Spatial.yaml,17,12,4,3
nuget/nuget/-/system.text.encoding.codepages.yaml,8,3,1,3
nuget/nuget/-/System.Text.Encoding.CodePages.yaml,14,9,3,3
nuget/nuget/-/system.text.encodings.web.yaml,8,3,1,3
nuget/nuget/-/System.Text.Encodings.Web.yaml,11,6,2,3
nuget/nuget/-/system.threading.accesscontrol.yaml,8,3,1,3
nuget/nuget/-/System.Threading.AccessControl.yaml,8,3,1,3
nuget/nuget/-/System.Threading.Channels.yaml,8,3,1,3
nuget/nuget/-/System.Threading.Tasks.Dataflow.yaml,11,6,2,3
nuget/nuget/-/System.Threading.Tasks.Extensions.yaml,28,23,5,4
nuget/nuget/-/System.ValueTuple.yaml,11,6,2,3
nuget/nuget/-/system.windows.extensions.yaml,8,3,1,3
nuget/nuget/-/Telnet.yaml,9,3,1,3
nuget/nuget/-/Template10.yaml,8,3,1,3
nuget/nuget/-/TinyMCE.jQuery.yaml,11,6,2,3
nuget/nuget/-/TinyMCE.JQuery.yaml,8,3,1,3
nuget/nuget/-/TinyMCE.yaml,32,27,9,3
nuget/nuget/-/Unicode.net.yaml,8,3,1,3
nuget/nuget/-/Unity.Mvc.yaml,32,27,9,3
nuget/nuget/-/Unity.yaml,134,129,43,3
nuget/nuget/-/Unofficial.AzureSDK.Microsoft.WindowsAzure.Diagnostics.yaml,8,3,1,3
nuget/nuget/-/Vagabond.yaml,11,6,2,3
nuget/nuget/-/Validation.yaml,17,12,4,3
nuget/nuget/-/valueinjecter.yaml,21,16,2,8
nuget/nuget/-/ValueInjecter.yaml,8,3,1,3
nuget/nuget/-/Warden.Watchers.MsSql.yaml,11,6,2,3
nuget/nuget/-/Warden.Watchers.Redis.yaml,11,6,2,3
nuget/nuget/-/Warden.Watchers.Web.yaml,11,6,2,3
nuget/nuget/-/WebActivatorEx.yaml,45,36,3,12
nuget/nuget/-/WebApiContrib.Formatting.Jsonp.yaml,11,6,2,3
nuget/nuget/-/WebApiContrib.yaml,11,6,2,3
nuget/nuget/-/WebPush.yaml,11,6,2,3
nuget/nuget/-/WindowsAzure.Storage-PremiumTable.yaml,8,3,1,3
nuget/nuget/-/WindowsAzure.Storage.yaml,161,156,52,3
nuget/nuget/-/WindowsServiceExtensions.yaml,8,3,1,3
nuget/nuget/-/WinJS.yaml,13,8,1,8
nuget/nuget/-/Xamarin.Android.Arch.Core.Common.yaml,16,11,2,5
nuget/nuget/-/Xamarin.Android.Arch.Lifecycle.Common.yaml,16,11,2,5
nuget/nuget/-/Xamarin.Android.Arch.Lifecycle.Runtime.yaml,16,11,2,5
nuget/nuget/-/Xamarin.Android.FSharp.ResourceProvider.yaml,9,3,1,3
nuget/nuget/-/Xamarin.Android.Support.Animated.Vector.Drawable.yaml,16,11,2,5
nuget/nuget/-/Xamarin.Android.Support.Annotations.yaml,16,11,2,5
nuget/nuget/-/Xamarin.Android.Support.Compat.yaml,16,11,2,5
nuget/nuget/-/Xamarin.Android.Support.Constraint.Layout.Solver.yaml,13,8,1,8
nuget/nuget/-/Xamarin.Android.Support.Constraint.Layout.yaml,13,8,1,8
nuget/nuget/-/Xamarin.Android.Support.Core.UI.yaml,16,11,2,5
nuget/nuget/-/Xamarin.Android.Support.Core.Utils.yaml,16,11,2,5
nuget/nuget/-/Xamarin.Android.Support.CustomTabs.yaml,16,11,2,5
nuget/nuget/-/Xamarin.Android.Support.Design.yaml,16,11,2,5
nuget/nuget/-/Xamarin.Android.Support.Fragment.yaml,16,11,2,5
nuget/nuget/-/Xamarin.Android.Support.Media.Compat.yaml,16,11,2,5
nuget/nuget/-/Xamarin.Android.Support.Transition.yaml,16,11,2,5
nuget/nuget/-/Xamarin.Android.Support.v13.yaml,13,8,1,8
nuget/nuget/-/Xamarin.Android.Support.v4.yaml,16,11,2,5
nuget/nuget/-/Xamarin.Android.Support.v7.AppCompat.yaml,16,11,2,5
nuget/nuget/-/Xamarin.Android.Support.v7.CardView.yaml,16,11,2,5
nuget/nuget/-/Xamarin.Android.Support.v7.MediaRouter.yaml,9,3,1,3
nuget/nuget/-/Xamarin.Android.Support.v7.Palette.yaml,9,3,1,3
nuget/nuget/-/Xamarin.Android.Support.v7.RecyclerView.yaml,16,11,2,5
nuget/nuget/-/Xamarin.Android.Support.v8.RenderScript.yaml,13,8,1,8
nuget/nuget/-/Xamarin.Android.Support.Vector.Drawable.yaml,16,11,2,5
nuget/nuget/-/Xamarin.Auth.yaml,11,6,2,3
nuget/nuget/-/Xamarin.Forms.yaml,14,9,3,3
nuget/nuget/-/xamarin.googleplayservices.gcm.yaml,8,3,1,3
nuget/nuget/-/Xamarin.Swift4.Accelerate.yaml,14,9,1,9
nuget/nuget/-/Xamarin.Swift4.ARKit.yaml,14,9,1,9
nuget/nuget/-/Xamarin.Swift4.AssetsLibrary.yaml,14,9,1,9
nuget/nuget/-/Xamarin.Swift4.AVFoundation.yaml,14,9,1,9
nuget/nuget/-/Xamarin.Swift4.CallKit.yaml,14,9,1,9
nuget/nuget/-/Xamarin.Swift4.CloudKit.yaml,14,9,1,9
nuget/nuget/-/Xamarin.Swift4.Contacts.yaml,14,9,1,9
nuget/nuget/-/Xamarin.Swift4.CoreAudio.yaml,14,9,1,9
nuget/nuget/-/Xamarin.Swift4.CoreData.yaml,14,9,1,9
nuget/nuget/-/Xamarin.Swift4.CoreFoundation.yaml,14,9,1,9
nuget/nuget/-/Xamarin.Swift4.CoreGraphics.yaml,14,9,1,9
nuget/nuget/-/Xamarin.Swift4.CoreImage.yaml,14,9,1,9
nuget/nuget/-/Xamarin.Swift4.CoreLocation.yaml,14,9,1,9
nuget/nuget/-/Xamarin.Swift4.CoreMedia.yaml,14,9,1,9
nuget/nuget/-/Xamarin.Swift4.Core.yaml,14,9,1,9
nuget/nuget/-/Xamarin.Swift4.Darwin.yaml,14,9,1,9
nuget/nuget/-/Xamarin.Swift4.Dispatch.yaml,14,9,1,9
nuget/nuget/-/Xamarin.Swift4.Foundation.yaml,14,9,1,9
nuget/nuget/-/Xamarin.Swift4.GameplayKit.yaml,14,9,1,9
nuget/nuget/-/Xamarin.Swift4.GLKit.yaml,14,9,1,9
nuget/nuget/-/Xamarin.Swift4.HomeKit.yaml,14,9,1,9
nuget/nuget/-/Xamarin.Swift4.Intents.yaml,14,9,1,9
nuget/nuget/-/Xamarin.Swift4.MapKit.yaml,14,9,1,9
nuget/nuget/-/Xamarin.Swift4.MediaPlayer.yaml,14,9,1,9
nuget/nuget/-/Xamarin.Swift4.MetalKIt.yaml,14,9,1,9
nuget/nuget/-/Xamarin.Swift4.Metal.yaml,14,9,1,9
nuget/nuget/-/Xamarin.Swift4.ModelIO.yaml,14,9,1,9
nuget/nuget/-/Xamarin.Swift4.ObjectiveC.yaml,14,9,1,9
nuget/nuget/-/Xamarin.Swift4.OS.yaml,14,9,1,9
nuget/nuget/-/Xamarin.Swift4.Photos.yaml,13,8,1,8
nuget/nuget/-/Xamarin.Swift4.QuartzCore.yaml,14,9,1,9
nuget/nuget/-/Xamarin.Swift4.RemoteMirror.yaml,14,9,1,9
nuget/nuget/-/Xamarin.Swift4.SceneKit.yaml,14,9,1,9
nuget/nuget/-/Xamarin.Swift4.SIMD.yaml,14,9,1,9
nuget/nuget/-/Xamarin.Swift4.SpriteKit.yaml,14,9,1,9
nuget/nuget/-/Xamarin.Swift4.SwiftOnoneSupport.yaml,14,9,1,9
nuget/nuget/-/Xamarin.Swift4.UIKit.yaml,14,9,1,9
nuget/nuget/-/Xamarin.Swift4.Vision.yaml,14,9,1,9
nuget/nuget/-/Xamarin.Swift4.WatchKit.yaml,14,9,1,9
nuget/nuget/-/Xamarin.Swift4.XCTest.yaml,14,9,1,9
nuget/nuget/-/Xamarin.Swift4.yaml,14,9,1,9
nuget/nuget/-/Xam.Plugin.Connectivity.yaml,29,24,8,3
nuget/nuget/-/Xam.Plugin.Geolocator.yaml,17,12,4,3
nuget/nuget/-/Xam.Plugin.Media.yaml,17,12,4,3
nuget/nuget/-/Xam.Plugins.Settings.yaml,34,29,8,3
nuget/nuget/-/xunit.abstractions.yaml,32,24,2,12
nuget/nuget/-/xunit.analyzers.yaml,8,3,1,3
nuget/nuget/-/xunit.assert.yaml,23,18,3,6
nuget/nuget/-/xunit.core.yaml,10,6,2,3
nuget/nuget/-/xunit.extensibility.core.yaml,23,18,3,6
nuget/nuget/-/xunit.extensibility.execution.yaml,23,18,3,6
nuget/nuget/-/xunit.runner.console.yaml,18,12,1,12
nuget/nuget/-/xunit.runner.msbuild.yaml,18,12,1,12
nuget/nuget/-/xunit.runner.visualstudio.yaml,24,17,2,8
nuget/nuget/-/xunit.yaml,37,32,4,8
nuget/nuget/-/Xwt.Gtk.yaml,9,3,1,3
nuget/nuget/-/Xwt.XamMac.yaml,9,3,1,3
nuget/nuget/-/Xwt.yaml,9,3,1,3
nuget/nuget/-/YamlDotNet.Signed.yaml,9,3,1,3
nuget/nuget/-/YamlDotNet.yaml,14,9,3,3
nuget/nuget/-/ZedGraph.yaml,11,6,2,3
nuget/nuget/-/ZhangHai.Android.MaterialProgressBar.yaml,13,8,1,8
nuget/nuget/-/Zlib.Portable.yaml,9,3,1,3
nuget/nuget/-/zlib.v140.windesktop.msvcstl.dyn.rt-dyn.yaml,13,8,1,8
nuget/nuget/-/ZXing.Net.yaml,8,3,1,3
pypi/pypi/-/chaostoolkit-slack.yaml,23,18,2,9
pypi/pypi/-/chardet.yaml,8,3,1,3
pypi/pypi/-/contextlib2.yaml,23,18,1,18
pypi/pypi/-/cycler.yaml,8,3,1,3
pypi/pypi/-/Flask.yaml,8,3,1,3
pypi/pypi/-/ipaddress.yaml,8,3,1,3
pypi/pypi/-/ipywidgets.yaml,16,11,1,11
pypi/pypi/-/kiwisolver.yaml,8,3,1,3
pypi/pypi/-/matplotlib.yaml,8,3,1,3
pypi/pypi/-/mittens.yaml,8,3,1,3
pypi/pypi/-/mpmath.yaml,8,3,1,3
pypi/pypi/-/netifaces.yaml,14,9,1,9
pypi/pypi/-/numpy.yaml,11,6,2,3
pypi/pypi/-/paramiko.yaml,8,3,1,3
pypi/pypi/-/pexpect.yaml,8,3,1,3
pypi/pypi/-/pillow.yaml,8,3,1,3
pypi/pypi/-/protobuf.yaml,8,3,1,3
pypi/pypi/-/psycopg2.yaml,161,156,1,156
pypi/pypi/-/pyaml.yaml,8,3,1,3
pypi/pypi/-/requests.yaml,32,27,3,9
pypi/pypi/-/rope.yaml,8,3,1,3
pypi/pypi/-/sphinxcontrib-htmlhelp.yaml,8,3,1,3
pypi/pypi/-/Unidecode.yaml,21,16,1,16
sourcearchive/mavencentral/backport-util-concurrent/backport-util-concurrent.yaml,9,3,1,3
sourcearchive/mavencentral/ch.qos.logback/logback-classic.yaml,12,6,1,6
sourcearchive/mavencentral/com.esotericsoftware/kryo.yaml,17,11,1,11
sourcearchive/mavencentral/com.fasterxml.jackson.core/jackson-annotations.yaml,39,33,3,11
sourcearchive/mavencentral/com.fasterxml.jackson.core/jackson-core.yaml,39,33,3,11
sourcearchive/mavencentral/com.fasterxml.jackson.core/jackson-databind.yaml,39,33,3,11
sourcearchive/mavencentral/com.fasterxml.jackson.dataformat/jackson-dataformat-xml.yaml,17,11,1,11
sourcearchive/mavencentral/com.fasterxml.jackson.datatype/jackson-datatype-joda.yaml,17,11,1,11
sourcearchive/mavencentral/com.fasterxml.uuid/java-uuid-generator.yaml,17,11,1,11
sourcearchive/mavencentral/com.github.bumptech.glide/glide.yaml,17,11,1,11
sourcearchive/mavencentral/com.github.fge/json-schema-validator.yaml,17,11,1,11
sourcearchive/mavencentral/com.github.stefanbirkner/system-rules.yaml,17,11,1,11
sourcearchive/mavencentral/com.google.code.gson/gson.yaml,17,11,1,11
sourcearchive/mavencentral/com.nimbusds/oauth2-oidc-sdk.yaml,9,3,1,3
sourcearchive/mavencentral/javax.activation/activation.yaml,9,3,1,3
sourcearchive/mavencentral/net.java.dev.jna/jna-platform.yaml,9,3,1,3
sourcearchive/mavencentral/net.java.dev.jna/jna.yaml,9,3,1,3
sourcearchive/mavencentral/net.sf.jopt-simple/jopt-simple.yaml,17,11,1,11
sourcearchive/mavencentral/net.sourceforge.cssparser/cssparser.yaml,9,3,1,3
sourcearchive/mavencentral/net.sourceforge.htmlunit/htmlunit-core-js.yaml,9,3,1,3
sourcearchive/mavencentral/org.atteo/evo-inflector.yaml,17,11,1,11
sourcearchive/mavencentral/org.codehaus.mojo/keytool-maven-plugin.yaml,17,11,1,11
sourcearchive/mavencentral/org.eclipse.jetty/jetty-http.yaml,23,17,1,17
sourcearchive/mavencentral/org.eclipse.persistence/eclipselink.yaml,17,11,1,11
sourcearchive/mavencentral/org.glassfish/javax.el.yaml,17,11,1,11
sourcearchive/mavencentral/org.hamcrest/hamcrest-core.yaml,9,3,1,3
sourcearchive/mavencentral/org.mozilla/rhino.yaml,23,17,1,17
sourcearchive/mavencentral/org.wildfly.common/wildfly-common.yaml,17,11,1,11
